uai - identifiant;Libellé;sigle;type d'établissement;Secteur d'établissement;Site internet;Géolocalisation;rattachement;rattachement_identifiants;dernier_decret_legifrance;localisation;Code commune;Commune;Code unité urbaine;Unité urbaine;Code département;Département;Code académie;Académie;Code région;Région;Mention distribution;Adresse;Lieu dit;Boite postale;Code postal;Localité;Pays;Numéro de téléphone;siret;Identifiant GRID;identifiant_eter;statut_juridique_court;Statut juridique;qualification_court;Qualification;compte_facebook;compte_twitter;compte_flickr;flux_rss;compte_linkedin;compte_pinterest;compte_france_culture;compte_scribd;compte_scoopit;compte_tumblr;compte_viadeo;compte_dailymotion;compte_vimeo;compte_youtube;compte_googleplus;autres;mooc;statut_operateur_lolf;libelle_mission_chef_de_file;identifiant_programme_lolf_chef_de_file;libelle_programme_lolf_chef_de_file;identifiants_autres_programmes_lolf;libelles_autres_programmes_lolf;association;association_identifiants;Identifiant wikidata;Elément GRID;Identifiant OrgRef;Identifiant ISNI;Elément ISNI;Elément Funding Data;Ancien code région;Ancienne région;English name;Elément wikidata;Effectifs d'étudiants inscrits 2010-11;Effectifs d'étudiants inscrits 2011-12;Effectifs d'étudiants inscrits 2012-13;Effectifs d'étudiants inscrits 2013-14;Effectifs d'étudiants inscrits 2014-15;Effectifs d'étudiants inscrits 2015-16;Effectifs d'étudiants inscrits 2016-17;Effectifs d'étudiants inscrits 2017-18;typologie d'universités et assimilés;implantations;compte_instagram;Site internet en anglais;Site internet en chinois;siren;Identifiant Funding Data;Page Wikipédia en Français;Site internet en allemand;Site internet en espagnol;Site internet en italien;article;Anciens codes uai
0251215K;Université de Franche-Comté;UFC;Université;Public;http://www.univ-fcomte.fr/;47.2408, 6.02265;;;;Bourgogne-Franche-Comté>Besançon>Doubs>Besançon;25056;Besançon;UU25602;Besançon;D025;Doubs;A03;Besançon;R27;Bourgogne-Franche-Comté;;1 RUE GOUDIMEL;;;25030;BESANCON CEDEX;France;0381666666;19251215000363;grid.7459.f;FR0022;EPCSCP;Établissement public à caractère scientifique, culturel et professionnel;;;https://www.facebook.com/UniversiteFrancheComte;;;;;;;;;;;;;;https://plus.google.com/117389242538948837/posts#117389242538948837/posts;;https://www.fun-mooc.fr/universities/univ-fcomte/;Opérateurs MIRES 2014;Recherche et enseignement supérieur;150;Formations supérieures et recherche universitaire (Recherche et enseignement supérieur);;;;;Q829449;https://www.grid.ac/institutes/grid.7459.f;12797301;0000 0001 2188 3779;http://isni.org/isni/0000000121883779;;R43;Franche-Comté;University of Franche-Comté;https://www.wikidata.org/entity/Q829449;19578;19629;19627;19641;19654;20314;21022;20506;Université pluridisciplinaire avec santé;https://data.enseignementsup-recherche.gouv.fr/explore/dataset/fr-esr-implantations_etablissements_d_enseignement_superieur_publics/map/?disjunctive.bcnag_n_nature_uai_libelle_editi&disjunctive.services&disjunctive.type_uai&disjunctive.nature_uai&refine.etablissement_uai=0251215K;;;;192512150;;https://fr.wikipedia.org/wiki/Universit%C3%A9_de_Franche-Comt%C3%A9;;;;à l';
0623957P;Université d'Artois;;Université;Public;http://www.univ-artois.fr/;50.2849, 2.79104;;;;Hauts-de-France>Lille>Pas-de-Calais>Arras;62041;Arras;UU62502;Arras;D062;Pas-de-Calais;A09;Lille;R32;Hauts-de-France;;9 RUE DU TEMPLE;;BP 10665;62030;ARRAS CEDEX;France;0321603700;19624401600016;grid.49319.36;FR0132;EPCSCP;Établissement public à caractère scientifique, culturel et professionnel;;;https://www.facebook.com/pages/Universit%C3%A9-dArtois/144544385619368;https://twitter.com/Univ_Artois;;;;;;;;;http://fr.viadeo.com/fr/profile/universit%C3%A9.d-artois1;;;http://www.youtube.com/user/UniversiteArtois;;http://podcast.univ-artois.fr/;https://www.fun-mooc.fr/universities/universite-dartois/;Opérateurs MIRES 2014;Recherche et enseignement supérieur;150;Formations supérieures et recherche universitaire (Recherche et enseignement supérieur);;;;;Q475504;https://www.grid.ac/institutes/grid.49319.36;13408704;0000 0001 2364 777X;http://isni.org/isni/000000012364777X;;R31;Nord-Pas-de-Calais;Artois University;https://www.wikidata.org/entity/Q475504;11404;10818;11371;10956;10135;10899;11091;11529;Université pluridisciplinaire hors santé;https://data.enseignementsup-recherche.gouv.fr/explore/dataset/fr-esr-implantations_etablissements_d_enseignement_superieur_publics/map/?disjunctive.bcnag_n_nature_uai_libelle_editi&disjunctive.services&disjunctive.type_uai&disjunctive.nature_uai&refine.etablissement_uai=0623957P;;;;196244016;;https://fr.wikipedia.org/wiki/Universit%C3%A9_d%27Artois;;;;à l';
0561718N;Université de Bretagne-Sud;UBS;Université;Public;http://www.univ-ubs.fr/;47.7461, -3.39083;;;;Bretagne>Rennes>Morbihan>Lorient;56121;Lorient;UU56601;Lorient;D056;Morbihan;A14;Rennes;R53;Bretagne;;27 RUE ARMAND GUILLEMOT;;BP 92116;56321;LORIENT CEDEX;France;;19561718800600;grid.267180.a;FR0108;EPCSCP;Établissement public à caractère scientifique, culturel et professionnel;;;https://www.facebook.com/pages/Universit%C3%A9-de-Bretagne-Sud/27514648#!/pages/Universit%C3%A9-de-Bretagne-Sud/27514648;https://twitter.com/ubs_jpo;;http://www.univ-ubs.fr/les-flux-rss-de-l-universite-18896.kjsp?RH=UBS_FR;;;;;;;;;;;;;;Opérateurs MIRES 2014;Recherche et enseignement supérieur;150;Formations supérieures et recherche universitaire (Recherche et enseignement supérieur);;;;;Q1125958;https://www.grid.ac/institutes/grid.267180.a;13954905;0000 0001 2168 0285;http://isni.org/isni/0000000121680285;;R53;Bretagne;University of South Brittany;https://www.wikidata.org/entity/Q1125958;8578;8487;8385;8590;8129;8556;8194;8245;Université pluridisciplinaire hors santé;https://data.enseignementsup-recherche.gouv.fr/explore/dataset/fr-esr-implantations_etablissements_d_enseignement_superieur_publics/map/?disjunctive.bcnag_n_nature_uai_libelle_editi&disjunctive.services&disjunctive.type_uai&disjunctive.nature_uai&refine.etablissement_uai=0561718N;;http://www.univ-ubs.fr/home-188100.kjsp?RH=UBS_FR&RF=UBS_EN;;195617188;;https://fr.wikipedia.org/wiki/Universit%C3%A9_de_Bretagne-Sud;;;;à l';
0593279U;Université polytechnique des hauts de France;UPHF;Université;Public;http://www.univ-valenciennes.fr/;50.3267, 3.51141;;;;Hauts-de-France>Lille>Nord>Valenciennes>Aulnoy-lez-Valenciennes;59032;Aulnoy-lez-Valenciennes;UU59701;Valenciennes;D059;Nord;A09;Lille;R32;Hauts-de-France;;;LE MONT HOUY;;59300;AULNOY LEZ VALENCIENNES;France;0327511234;19593279300019;grid.12810.3a;FR0122;EPCSCP;Établissement public à caractère scientifique, culturel et professionnel;;;https://www.facebook.com/univ.valenciennes.page.officielle;;;http://www.univ-valenciennes.fr/rss.xml;;;;;;;;;;;;;;Opérateurs MIRES 2014;Recherche et enseignement supérieur;150;Formations supérieures et recherche universitaire (Recherche et enseignement supérieur);;;;;Q1548539;https://www.grid.ac/institutes/grid.12810.3a;13468827;0000 0001 0790 1416;http://isni.org/isni/0000000107901416;;R31;Nord-Pas-de-Calais;University of Valenciennes and Hainaut-Cambresis;https://www.wikidata.org/entity/Q1548539;10186;10051;10110;10243;10369;10849;11361;11878;Université pluridisciplinaire hors santé;https://data.enseignementsup-recherche.gouv.fr/explore/dataset/fr-esr-implantations_etablissements_d_enseignement_superieur_publics/map/?disjunctive.bcnag_n_nature_uai_libelle_editi&disjunctive.services&disjunctive.type_uai&disjunctive.nature_uai&refine.etablissement_uai=0593279U;;;;195932793;;https://fr.wikipedia.org/wiki/Universit%C3%A9_de_Valenciennes;;;;à l';
0660437S;Université de Perpignan - Via Domitia;;Université;Public;http://www.univ-perp.fr/;42.6844, 2.89854;;;;Occitanie>Montpellier>Pyrénées-Orientales>Perpignan;66136;Perpignan;UU66601;Perpignan;D066;Pyrénées-Orientales;A11;Montpellier;R76;Occitanie;;52 AVENUE PAUL ALDUY;;;66860;PERPIGNAN CEDEX 9;France;0468662000;19660437500010;grid.11136.34;FR0144;EPCSCP;Établissement public à caractère scientifique, culturel et professionnel;;;https://www.facebook.com/UPVD66;https://twitter.com/upvd1;;;;;http://plus.franceculture.fr/partenaires/perpignan-domitia-universite;;;;;;;;;;https://www.fun-mooc.fr/universities/UPVD/;Opérateurs MIRES 2014;Recherche et enseignement supérieur;150;Formations supérieures et recherche universitaire (Recherche et enseignement supérieur);;;;;Q304872;https://www.grid.ac/institutes/grid.11136.34;13889333;0000 0001 2192 5916;http://isni.org/isni/0000000121925916;http://dx.doi.org/10.13039/501100004223;R91;Languedoc-Roussillon;University of Perpignan;https://www.wikidata.org/entity/Q304872;9842;8782;8583;8636;8673;8773;8975;9057;Université pluridisciplinaire hors santé;https://data.enseignementsup-recherche.gouv.fr/explore/dataset/fr-esr-implantations_etablissements_d_enseignement_superieur_publics/map/?disjunctive.bcnag_n_nature_uai_libelle_editi&disjunctive.services&disjunctive.type_uai&disjunctive.nature_uai&refine.etablissement_uai=0660437S;;;;196604375;501100004223;https://fr.wikipedia.org/wiki/Universit%C3%A9_de_Perpignan;;;;à l';
0751723R;Université Paris Diderot;;Université;Public;http://www.univ-paris-diderot.fr/;48.8302, 2.3807;;;;Île-de-France>Paris>Paris 13e;75113;Paris 13e;UU00851;Paris;D075;Paris;A01;Paris;R11;Île-de-France;;5 RUE THOMAS MANN;;;75205;PARIS CEDEX 13;France;0144274427;19751723800659;grid.7452.4;FR0180;EPCSCP;Établissement public à caractère scientifique, culturel et professionnel;;;https://www.facebook.com/univparisdiderot;https://twitter.com/ParisDiderot;;http://www.univ-paris-diderot.fr/universite/rssActu1.php;;;;;;;;;;;;;https://www.fun-mooc.fr/universities/parisdiderot/;Opérateurs MIRES 2014;Recherche et enseignement supérieur;150;Formations supérieures et recherche universitaire (Recherche et enseignement supérieur);;;;;Q1235608;https://www.grid.ac/institutes/grid.7452.4;2626467;0000 0001 2217 0017;http://isni.org/isni/0000000122170017;http://dx.doi.org/10.13039/501100005736;R11;Île-de-France;Paris Diderot University;https://www.wikidata.org/entity/Q1235608;26394;24901;24289;24443;23250;24559;25889;25624;Université pluridisciplinaire avec santé;https://data.enseignementsup-recherche.gouv.fr/explore/dataset/fr-esr-implantations_etablissements_d_enseignement_superieur_publics/map/?disjunctive.bcnag_n_nature_uai_libelle_editi&disjunctive.services&disjunctive.type_uai&disjunctive.nature_uai&refine.etablissement_uai=0751723R;;;;197517238;501100005736;https://fr.wikipedia.org/wiki/Universit%C3%A9_Paris-Diderot;;;;à l';
0681166Y;Université de Haute-Alsace;UHA;Université;Public;http://www.uha.fr/;47.7323, 7.31485;;;;Grand Est>Strasbourg>Haut-Rhin>Mulhouse;68224;Mulhouse;UU68701;Mulhouse;D068;Haut-Rhin;A15;Strasbourg;R44;Grand Est;;2 RUE DES FRERES LUMIERE;;;68093;MULHOUSE CEDEX;France;0389336000;19681166500013;grid.9156.b;FR0150;EPCSCP;Établissement public à caractère scientifique, culturel et professionnel;;;https://www.facebook.com/UHA68;https://twitter.com/UHA68;;;;;;;;;;;;;https://plus.google.com/u//1843824938262641165/posts;;;Opérateurs MIRES 2014;Recherche et enseignement supérieur;150;Formations supérieures et recherche universitaire (Recherche et enseignement supérieur);;;;;Q280183;https://www.grid.ac/institutes/grid.9156.b;14271867;0000 0004 0473 5039;http://isni.org/isni/0000000404735039;;R42;Alsace;University of Upper Alsace;https://www.wikidata.org/entity/Q280183;7974;7754;7539;7444;7692;8069;8310;9651;Université pluridisciplinaire hors santé;https://data.enseignementsup-recherche.gouv.fr/explore/dataset/fr-esr-implantations_etablissements_d_enseignement_superieur_publics/map/?disjunctive.bcnag_n_nature_uai_libelle_editi&disjunctive.services&disjunctive.type_uai&disjunctive.nature_uai&refine.etablissement_uai=0681166Y;;;;196811665;;https://fr.wikipedia.org/wiki/Universit%C3%A9_de_Haute-Alsace;;;;à l';
7200664J;Université de Corse Pasquale Paoli;;Université;Public;https://www.universita.corsica/fr/;42.3065, 9.15214;;;;Corse>Haute-Corse>Corte;2B096;Corte;UU2B203;Corte;D02B;Haute-Corse;A27;Corse;R94;Corse;;7 AVENUE J NICOLI;;BP 52;20250;CORTE;France;0495450000;19202664900017;grid.412058.a;FR0281;EPCSCP;Établissement public à caractère scientifique, culturel et professionnel;;;https://www.facebook.com/univcorse;https://twitter.com/univcorse;;https://www.universita.corsica/fr/flux-rss/;https://www.linkedin.com/school/108597?pathWildcard=108597;;http://plus.franceculture.fr/partenaires/corse-pasquale-paoli;;;;http://fr.viadeo.com/fr/company/universite-de-corse-pasquale-paoli;http://www.dailymotion.com/univcorse;;https://www.youtube.com/c/univcorse;https://plus.google.com/+univcorse;;;Opérateurs MIRES 2014;Recherche et enseignement supérieur;150;Formations supérieures et recherche universitaire (Recherche et enseignement supérieur);;;;;Q335841;https://www.grid.ac/institutes/grid.412058.a;13398546;0000 0001 2177 0037;http://isni.org/isni/0000000121770037;;R94;Corse;University of Corsica Pascal Paoli;https://www.wikidata.org/entity/Q335841;3820;3732;3762;3824;3703;3726;3775;3923;Université pluridisciplinaire hors santé;https://data.enseignementsup-recherche.gouv.fr/explore/dataset/fr-esr-implantations_etablissements_d_enseignement_superieur_publics/map/?disjunctive.bcnag_n_nature_uai_libelle_editi&disjunctive.services&disjunctive.type_uai&disjunctive.nature_uai&refine.etablissement_uai=7200664J;https://www.instagram.com/univcorse/;https://www.universita.corsica/en/;;192026649;;https://fr.wikipedia.org/wiki/Universit%C3%A9_de_Corse-Pascal-Paoli;;;https://www.universita.corsica/it/;à l';
0830766G;Université de Toulon;;Université;Public;http://www.univ-tln.fr/;43.1369, 6.01684;;;;Provence-Alpes-Côte d'Azur>Nice>Var>Toulon>La Garde;83062;La Garde;UU00757;Toulon;D083;Var;A23;Nice;R93;Provence-Alpes-Côte d'Azur;;;;CS 60584;83041;TOULON CEDEX 9;France;0494142000;19830766200017;grid.12611.35;FR0234;EPCSCP;Établissement public à caractère scientifique, culturel et professionnel;;;https://www.facebook.com/pages/Universit%C3%A9-de-Toulon/155673624745?v=wall;https://twitter.com/univtoulon;http://www.flickr.com/photos/univ-sud-toulon-var/;http://www.univ-tln.fr/backend.php3;;;http://plus.franceculture.fr/partenaires/toulon;;;;;;;http://www.youtube.com/user/univtoulon/feed;;;;Opérateurs MIRES 2014;Recherche et enseignement supérieur;150;Formations supérieures et recherche universitaire (Recherche et enseignement supérieur);;;;;Q1816857;https://www.grid.ac/institutes/grid.12611.35;13958165;0000000088437055;http://isni.org/isni/0000000088437055;;R93;Provence-Alpes-Côte d'Azur;University of Toulon;https://www.wikidata.org/entity/Q1816857;9122;9056;8596;8507;8760;9188;9439;9689;Université pluridisciplinaire hors santé;https://data.enseignementsup-recherche.gouv.fr/explore/dataset/fr-esr-implantations_etablissements_d_enseignement_superieur_publics/map/?disjunctive.bcnag_n_nature_uai_libelle_editi&disjunctive.services&disjunctive.type_uai&disjunctive.nature_uai&refine.etablissement_uai=0830766G;https://www.instagram.com/univtoulon/;http://www.univ-tln.fr/-University-of-Toulon-.html;;198307662;;https://fr.wikipedia.org/wiki/Universit%C3%A9_de_Toulon;;;;à l';
0921204J;Université Paris Nanterre;;Université;Public;http://www.u-paris10.fr/;48.9035, 2.21448;;;;Île-de-France>Versailles>Hauts-de-Seine>Paris>Nanterre;92050;Nanterre;UU00851;Paris;D092;Hauts-de-Seine;A25;Versailles;R11;Île-de-France;;200 AVENUE DE LA REPUBLIQUE;;;92001;NANTERRE CEDEX;France;0140977200;19921204400010;grid.7902.c;FR0255;EPCSCP;Établissement public à caractère scientifique, culturel et professionnel;;;https://www.facebook.com/universite.paris.ouest;https://twitter.com/ParisOuest;;;;;;;;;;;;;;;;Opérateurs MIRES 2014;Recherche et enseignement supérieur;150;Formations supérieures et recherche universitaire (Recherche et enseignement supérieur);;;;;Q1394262;https://www.grid.ac/institutes/grid.7902.c;2396225;0000 0001 2156 4014;http://isni.org/isni/0000000121564014;;R11;Île-de-France;Paris West University Nanterre La Défense;https://www.wikidata.org/entity/Q1394262;29866;31807;31928;32381;31459;31606;31001;30370;Université tertiaire - lettres et sc. Humaines;https://data.enseignementsup-recherche.gouv.fr/explore/dataset/fr-esr-implantations_etablissements_d_enseignement_superieur_publics/map/?disjunctive.bcnag_n_nature_uai_libelle_editi&disjunctive.services&disjunctive.type_uai&disjunctive.nature_uai&refine.etablissement_uai=0921204J;;;;199212044;;https://fr.wikipedia.org/wiki/Universit%C3%A9_Paris-Ouest-Nanterre-La-D%C3%A9fense;;;;à l';
0691774D;Université Claude Bernard - Lyon 1;;Université;Public;http://www.univ-lyon1.fr/;45.782, 4.86651;;;;Auvergne-Rhône-Alpes>Lyon>Rhône>Lyon>Villeurbanne;69266;Villeurbanne;UU00758;Lyon;D069;Rhône;A10;Lyon;R84;Auvergne-Rhône-Alpes;;43 BOULEVARD DU 11 NOVEMBRE 1918;;;69622;VILLEURBANNE CEDEX;France;0472448016;19691774400019;grid.7849.2;FR0157;EPCSCP;Établissement public à caractère scientifique, culturel et professionnel;;;https://www.facebook.com/UnivLyon1;https://twitter.com/UnivLyon1;;http://feeds.feedburner.com/UnivLyon1;;;;;;;;;;http://www.youtube.com/user/UnivLyon1;;;;Opérateurs MIRES 2014;Recherche et enseignement supérieur;150;Formations supérieures et recherche universitaire (Recherche et enseignement supérieur);;;;;Q4032;https://www.grid.ac/institutes/grid.7849.2;5124933;0000 0001 2150 7757;http://isni.org/isni/0000000121507757;http://dx.doi.org/10.13039/501100006687;R82;Rhône-Alpes;Université Claude Bernard Lyon 1;https://www.wikidata.org/entity/Q4032;32215;32784;33853;33585;34049;36678;37370;38002;Université scientifique et/ou médicale;https://data.enseignementsup-recherche.gouv.fr/explore/dataset/fr-esr-implantations_etablissements_d_enseignement_superieur_publics/map/?disjunctive.bcnag_n_nature_uai_libelle_editi&disjunctive.services&disjunctive.type_uai&disjunctive.nature_uai&refine.etablissement_uai=0691774D;;;;196917744;501100006687;https://fr.wikipedia.org/wiki/Universit%C3%A9_Claude-Bernard-Lyon-I;;;;à l';
0720916E;Le Mans Université;;Université;Public;http://www.univ-lemans.fr/;48.0148, 0.159251;;;;Pays de la Loire>Nantes>Sarthe>Le Mans;72181;Le Mans;UU72701;Le Mans;D072;Sarthe;A17;Nantes;R52;Pays de la Loire;;AVENUE OLIVIER MESSIAEN;;BP 535;72017;LE MANS CEDEX 1;France;0243833000;19720916600010;grid.34566.32;FR0169;EPCSCP;Établissement public à caractère scientifique, culturel et professionnel;;;https://www.facebook.com/pages/Universit%C3%A9-du-Maine/19321575362?ref=ts&fref=ts&rf=1218219831277;https://twitter.com/Universite_Mans;;;;;;;;;;;;;;;;Opérateurs MIRES 2014;Recherche et enseignement supérieur;150;Formations supérieures et recherche universitaire (Recherche et enseignement supérieur);;;;;Q834825;https://www.grid.ac/institutes/grid.34566.32;13835503;0000 0001 2172 3046;http://isni.org/isni/0000000121723046;http://dx.doi.org/10.13039/501100005715;R52;Pays de la Loire;University of Maine;https://www.wikidata.org/entity/Q834825;10265;10258;10470;10323;9719;9699;9627;10117;Université pluridisciplinaire hors santé;https://data.enseignementsup-recherche.gouv.fr/explore/dataset/fr-esr-implantations_etablissements_d_enseignement_superieur_publics/map/?disjunctive.bcnag_n_nature_uai_libelle_editi&disjunctive.services&disjunctive.type_uai&disjunctive.nature_uai&refine.etablissement_uai=0720916E;;;;197209166;501100005715;https://fr.wikipedia.org/wiki/Universit%C3%A9_du_Maine_(France);;;;à;
0751719L;Université Sorbonne Nouvelle - Paris 3;;Université;Public;http://www.univ-paris3.fr/;48.8489, 2.34313;;;;Île-de-France>Paris>Paris 5e;75105;Paris 5e;UU00851;Paris;D075;Paris;A01;Paris;R11;Île-de-France;;17 RUE DE LA SORBONNE;;;75230;PARIS CEDEX 05;France;0140462897;19751719600014;grid.17689.31;FR0176;EPCSCP;Établissement public à caractère scientifique, culturel et professionnel;;;https://www.facebook.com/SorbonneNouvelleP3;https://twitter.com/SorbonneParis3;;http://www.univ-paris3.fr/adminsite/webservices/export_rss.jsp?NOMBRE=10&CODE_RUBRIQUE=&LANGUE=0#KLINK#KLINK;https://www.linkedin.com/edu/school?id=12559&trk=edu-cp-title;;http://plus.franceculture.fr/partenaires/paris-3-sorbonne-nouvelle;;;;;;;;;;;Opérateurs MIRES 2014;Recherche et enseignement supérieur;150;Formations supérieures et recherche universitaire (Recherche et enseignement supérieur);;;;;Q571293;https://www.grid.ac/institutes/grid.17689.31;;0000 0004 1937 060X;http://isni.org/isni/000000041937060X;;R11;Île-de-France;University of Paris 3 - Sorbonne Nouvelle;https://www.wikidata.org/entity/Q571293;17536;17836;17466;17110;16882;16481;16265;15827;Université tertiaire - lettres et sc. Humaines;https://data.enseignementsup-recherche.gouv.fr/explore/dataset/fr-esr-implantations_etablissements_d_enseignement_superieur_publics/map/?disjunctive.bcnag_n_nature_uai_libelle_editi&disjunctive.services&disjunctive.type_uai&disjunctive.nature_uai&refine.etablissement_uai=0751719L;;;;197517196;;https://fr.wikipedia.org/wiki/Universit%C3%A9_Sorbonne_Nouvelle_-_Paris_3;;;;à l';
0490970N;Université d'Angers;;Université;Public;http://www.univ-angers.fr/;47.478, -0.548273;;;;Pays de la Loire>Nantes>Maine-et-Loire>Angers;49007;Angers;UU49701;Angers;D049;Maine-et-Loire;A17;Nantes;R52;Pays de la Loire;;40 RUE DE RENNES;;BP 73532;49035;ANGERS CEDEX 1;France;0241962323;19490970100303;grid.7252.2;FR0099;EPCSCP;Établissement public à caractère scientifique, culturel et professionnel;;;https://www.facebook.com/univangers;https://twitter.com/UnivAngers;http://www.flickr.com/photos/universiteangers/;http://www.univ-angers.fr/fr/index/flux-rss-1.html;;;;;;;;;;;;;;Opérateurs MIRES 2014;Recherche et enseignement supérieur;150;Formations supérieures et recherche universitaire (Recherche et enseignement supérieur);;;;;Q1538727;https://www.grid.ac/institutes/grid.7252.2;3911142;0000 0001 2248 3363;http://isni.org/isni/0000000122483363;;R52;Pays de la Loire;University of Angers;https://www.wikidata.org/entity/Q1538727;18922;19090;19528;21132;21220;21875;22573;22887;Université pluridisciplinaire avec santé;https://data.enseignementsup-recherche.gouv.fr/explore/dataset/fr-esr-implantations_etablissements_d_enseignement_superieur_publics/map/?disjunctive.bcnag_n_nature_uai_libelle_editi&disjunctive.services&disjunctive.type_uai&disjunctive.nature_uai&refine.etablissement_uai=0490970N;;;;194909701;;https://fr.wikipedia.org/wiki/Universit%C3%A9_d%27Angers;;;;à l';
0440984F;Université de Nantes;;Université;Public;http://www.univ-nantes.fr/;47.2097, -1.55587;;;;Pays de la Loire>Nantes>Loire-Atlantique>Nantes;44109;Nantes;UU44701;Nantes;D044;Loire-Atlantique;A17;Nantes;R52;Pays de la Loire;;1 QUAI DE TOURVILLE;;BP 13522;44035;NANTES CEDEX 1;France;0240998383;19440984300019;grid.4817.a;FR0087;EPCSCP;Établissement public à caractère scientifique, culturel et professionnel;;;https://www.facebook.com/univnantes;https://twitter.com/UnivNantes;;http://www.univ-nantes.fr/74165974//fiche___pagelibre/&RH=INSTITUTIONNEL_FR;;;;;;;;;;http://www.youtube.com/user/UnivNantes;;;https://www.fun-mooc.fr/universities/universite-de-nantes/;Opérateurs MIRES 2014;Recherche et enseignement supérieur;150;Formations supérieures et recherche universitaire (Recherche et enseignement supérieur);;;;;Q259388;https://www.grid.ac/institutes/grid.4817.a;2153532;;;;R52;Pays de la Loire;University of Nantes;https://www.wikidata.org/entity/Q259388;33182;33017;33769;34337;35021;35717;37852;36948;Université pluridisciplinaire avec santé;https://data.enseignementsup-recherche.gouv.fr/explore/dataset/fr-esr-implantations_etablissements_d_enseignement_superieur_publics/map/?disjunctive.bcnag_n_nature_uai_libelle_editi&disjunctive.services&disjunctive.type_uai&disjunctive.nature_uai&refine.etablissement_uai=0440984F;;;;194409843;;https://fr.wikipedia.org/wiki/Universit%C3%A9_de_Nantes;;;;à l';
0341089Z;Université Montpellier 3 - Paul-Valéry;UPV;Université;Public;http://www.univ-montp3.fr/;43.6326, 3.86938;;;;Occitanie>Montpellier>Hérault>Montpellier;34172;Montpellier;UU34701;Montpellier;D034;Hérault;A11;Montpellier;R76;Occitanie;;ROUTE DE MENDE;;;34199;MONTPELLIER CEDEX 5;France;0467142000;19341089100017;grid.440910.8;FR0055;EPCSCP;Établissement public à caractère scientifique, culturel et professionnel;;;https://www.facebook.com/pages/Universit%C3%A9-Paul-Val%C3%A9ry-Montpellier-III/9111853389;https://twitter.com/univpaulvalery;;http://www.univ-montp3.fr/index.php?format=feed&type=rss;;;;;;;;;;;;;;Opérateurs MIRES 2014;Recherche et enseignement supérieur;150;Formations supérieures et recherche universitaire (Recherche et enseignement supérieur);;;;;Q2912244;https://www.grid.ac/institutes/grid.440910.8;13835630;;;;R91;Languedoc-Roussillon;Paul Valéry University, Montpellier 3;https://www.wikidata.org/entity/Q2912244;17079;18072;18687;19311;18369;19269;19499;19513;Université tertiaire - lettres et sc. Humaines;https://data.enseignementsup-recherche.gouv.fr/explore/dataset/fr-esr-implantations_etablissements_d_enseignement_superieur_publics/map/?disjunctive.bcnag_n_nature_uai_libelle_editi&disjunctive.services&disjunctive.type_uai&disjunctive.nature_uai&refine.etablissement_uai=0341089Z;;;;193410891;;https://fr.wikipedia.org/wiki/Universit%C3%A9_Paul-Val%C3%A9ry-Montpellier;;;;à l';
0761904G;Université de Rouen;;Université;Public;http://www.univ-rouen.fr/;49.4583, 1.06895;;;;Normandie>Rouen>Seine-Maritime>Rouen>Mont-Saint-Aignan;76451;Mont-Saint-Aignan;UU00755;Rouen;D076;Seine-Maritime;A21;Rouen;R28;Normandie;;1 RUE THOMAS BECKET;;BP 138;76821;MONT ST AIGNAN CEDEX;France;0235146000;19761904200017;grid.10400.35;FR0218;EPCSCP;Établissement public à caractère scientifique, culturel et professionnel;;;https://www.facebook.com/univ.rouen;;;http://www.univ-rouen.fr/adminsite/webservices/export_rss.jsp?NOMBRE=1&CODE_RUBRIQUE=ACCUEIL&LANGUE=;;;;;;;;;;;;;;Opérateurs MIRES 2014;Recherche et enseignement supérieur;150;Formations supérieures et recherche universitaire (Recherche et enseignement supérieur);;;;;Q494247;https://www.grid.ac/institutes/grid.10400.35;13955537;0000 0001 2108 3034;http://isni.org/isni/0000000121083034;http://dx.doi.org/10.13039/501100007527;R23;Haute-Normandie;University of Rouen;https://www.wikidata.org/entity/Q494247;23942;24145;25180;25450;25304;26682;27899;28415;Université pluridisciplinaire avec santé;https://data.enseignementsup-recherche.gouv.fr/explore/dataset/fr-esr-implantations_etablissements_d_enseignement_superieur_publics/map/?disjunctive.bcnag_n_nature_uai_libelle_editi&disjunctive.services&disjunctive.type_uai&disjunctive.nature_uai&refine.etablissement_uai=0761904G;;;;197619042;501100007527;https://fr.wikipedia.org/wiki/Universit%C3%A9_de_Rouen-Normandie;;;;à l';
0511296G;Université de Reims Champagne-Ardenne;URCA;Université;Public;http://www.univ-reims.fr/;49.2558, 4.0402;;;;Grand Est>Reims>Marne>Reims;51454;Reims;UU51701;Reims;D051;Marne;A19;Reims;R44;Grand Est;VILLA DOUCE;9 BD DE LA PAIX;;;51097;REIMS CEDEX;France;0326913000;19511296600435;grid.11667.37;FR0102;EPCSCP;Établissement public à caractère scientifique, culturel et professionnel;;;https://www.facebook.com/Univ.ReimsChampagneArdenne;https://twitter.com/universitereims;;http://www.univ-reims.fr/rss,35,14.html?;http://www.linkedin.com/groups/Universit%C3%A9-Reims-ChampagneArdenne-18835?trk=myg_ugrp_ovr;;;;;;http://fr.viadeo.com/fr/groups/?containerId=2l91a2i833nxe;;;;https://plus.google.com/+Univ-reimsFr/posts;;;Opérateurs MIRES 2014;Recherche et enseignement supérieur;150;Formations supérieures et recherche universitaire (Recherche et enseignement supérieur);;;;;Q2496149;https://www.grid.ac/institutes/grid.11667.37;13958907;0000 0004 1937 0618;http://isni.org/isni/0000000419370618;;R21;Champagne-Ardenne;University of Reims Champagne-Ardenne;https://www.wikidata.org/entity/Q2496149;21119;20865;21240;22071;22650;24232;22971;22858;Université pluridisciplinaire avec santé;https://data.enseignementsup-recherche.gouv.fr/explore/dataset/fr-esr-implantations_etablissements_d_enseignement_superieur_publics/map/?disjunctive.bcnag_n_nature_uai_libelle_editi&disjunctive.services&disjunctive.type_uai&disjunctive.nature_uai&refine.etablissement_uai=0511296G;;;;195112966;;https://fr.wikipedia.org/wiki/Universit%C3%A9_de_Reims-Champagne-Ardenne;;;;à l';
0383493R;Université de Grenoble Alpes;UGA;Université;Public;http://www.univ-grenoble-alpes.fr/;45.1918, 5.76726;;;http://legifrance.gouv.fr/affichTexte.do?cidTexte=JORFTEXT000031147890&dateTexte=&categorieLien=id;Auvergne-Rhône-Alpes>Grenoble>Isère>Grenoble>Saint-Martin-d'Hères;38421;Saint-Martin-d'Hères;UU38701;Grenoble;D038;Isère;A08;Grenoble;R84;Auvergne-Rhône-Alpes;;621 AVENUE CENTRALE;DOMAINE UNIVERSITAIRE;BP 53;38041;GRENOBLE CEDEX 9;France;;13002139700018;;FR0336;EPCSCP;Établissement public à caractère scientifique, culturel et professionnel;;;https://www.facebook.com/Universit%C3%A9-Grenoble-Alpes-557140144437547/;https://twitter.com/UGrenobleAlpes;;http://www.univ-grenoble-alpes.fr/fr/reseaux-sociaux/rss/;;;;;;;;;;https://www.youtube.com/c/Universit%C3%A9GrenobleAlpes1;https://plus.google.com/+Universit%C3%A9GrenobleAlpes1;;;Non_Opérateur_LOLF_2014;Recherche et enseignement supérieur;150.0;Formations supérieures et recherche universitaire (Recherche et enseignement supérieur);;;;;Q945876;;;;;;R82;Rhône-Alpes;Université Grenoble Alpes;https://www.wikidata.org/entity/Q945876;38839;38167;38248;38934;39689;41176;42037;42775;Université pluridisciplinaire avec santé;https://data.enseignementsup-recherche.gouv.fr/explore/dataset/fr-esr-implantations_etablissements_d_enseignement_superieur_publics/map/?disjunctive.bcnag_n_nature_uai_libelle_editi&disjunctive.services&disjunctive.type_uai&disjunctive.nature_uai&refine.etablissement_uai=0383493R;;http://www.univ-grenoble-alpes.fr/en/;;130021397;;https://fr.wikipedia.org/wiki/Universit%C3%A9_Grenoble-Alpes;;;;à l';0381839T,0381840U,0381838S
0911101C;Université Paris-Sud;;Université;Public;http://www.u-psud.fr/;48.698, 2.17955;;;;Île-de-France>Versailles>Essonne>Paris>Orsay;91471;Orsay;UU00851;Paris;D091;Essonne;A25;Versailles;R11;Île-de-France;;15 RUE GEORGES CLEMENCEAU;;;91405;ORSAY CEDEX;France;0169156750;19911101400015;grid.5842.b;FR0245;EPCSCP;Établissement public à caractère scientifique, culturel et professionnel;;;https://www.facebook.com/UnivParisSud;https://twitter.com/u_psud;;http://www.actu.u-psud.fr/fr/flux-rss.html;;;;;;;;;;https://www.youtube.com/user/ParisSud;https://plus.google.com/+upsud;;https://www.fun-mooc.fr/universities/UPSUD/;Opérateurs MIRES 2014;Recherche et enseignement supérieur;150;Formations supérieures et recherche universitaire (Recherche et enseignement supérieur);;;;;Q1480643;https://www.grid.ac/institutes/grid.5842.b;30874583;0000 0001 2171 2558;http://isni.org/isni/0000000121712558;http://dx.doi.org/10.13039/501100007486;R11;Île-de-France;University of Paris-Sud;https://www.wikidata.org/entity/Q1480643;27307;27289;27603;28552;28242;28632;21944;21964;Université scientifique et/ou médicale;https://data.enseignementsup-recherche.gouv.fr/explore/dataset/fr-esr-implantations_etablissements_d_enseignement_superieur_publics/map/?disjunctive.bcnag_n_nature_uai_libelle_editi&disjunctive.services&disjunctive.type_uai&disjunctive.nature_uai&refine.etablissement_uai=0911101C;;;;199111014;501100007486;https://fr.wikipedia.org/wiki/Universit%C3%A9_Paris-Sud;;;;à l';
0870669E;Université de Limoges;;Université;Public;http://www.unilim.fr/;45.8263, 1.25917;;;https://www.legifrance.gouv.fr/eli/decret/2016/12/15/MENS1630827D/jo/texte/fr;Nouvelle-Aquitaine>Limoges>Haute-Vienne>Limoges;87085;Limoges;UU87601;Limoges;D087;Haute-Vienne;A22;Limoges;R75;Nouvelle-Aquitaine;;33 RUE FRANCOIS MITTERAND;;BP 23204;87032;LIMOGES CEDEX 01;France;0555149154;19870669900321;grid.9966.0;FR0240;EPCSCP;Établissement public à caractère scientifique, culturel et professionnel;;;https://www.facebook.com/unilim;https://twitter.com/unilim;;http://www.unilim.fr/spip.php?page=backend;;;;;;;;;;;;;;Opérateurs MIRES 2014;Recherche et enseignement supérieur;150;Formations supérieures et recherche universitaire (Recherche et enseignement supérieur);;;;;Q2661290;https://www.grid.ac/institutes/grid.9966.0;13468995;0000 0001 2165 4861;http://isni.org/isni/0000000121654861;;R74;Limousin;University of Limoges;https://www.wikidata.org/entity/Q2661290;14274;14199;14568;14796;14950;15034;15490;15956;Université pluridisciplinaire avec santé;https://data.enseignementsup-recherche.gouv.fr/explore/dataset/fr-esr-implantations_etablissements_d_enseignement_superieur_publics/map/?disjunctive.bcnag_n_nature_uai_libelle_editi&disjunctive.services&disjunctive.type_uai&disjunctive.nature_uai&refine.etablissement_uai=0870669E;;;;198706699;;https://fr.wikipedia.org/wiki/Universit%C3%A9_de_Limoges;;;;à l';0870862P
9710585J;Université des Antilles;;Université;Public;http://www.univ-ag.fr/;16.2221, -61.5362;;;;Guadeloupe>Pointe-à-Pitre - Les Abymes>Pointe-à-Pitre;97120;Pointe-à-Pitre;UU9A701;Pointe-à-Pitre - Les Abymes;D971;Guadeloupe;A32;Guadeloupe;R01;Guadeloupe;;;CAMPUS DE FOUILLOLE;BP 250;97157;POINTE A PITRE CEDEX;France;0590483030;19971585500011;;FR0282;EPCSCP;Établissement public à caractère scientifique, culturel et professionnel;;;;https://twitter.com/UnivAntilles;;http://www.univ-ag.fr/fr/rss.xml;;;;https://fr.scribd.com/UniversiteAntilles;;;;;;https://www.youtube.com/user/UnivAntillesGuyaneTV;https://plus.google.com/111372496716352018171/about;;;Opérateurs MIRES 2014;Recherche et enseignement supérieur;150;Formations supérieures et recherche universitaire (Recherche et enseignement supérieur);;;;;Q829169;;;;;;R01;Guadeloupe;University of the French West Indies and Guiana;https://www.wikidata.org/entity/Q829169;12663;12710;12820;12705;9845;10504;9991;10116;Université pluridisciplinaire avec santé;https://data.enseignementsup-recherche.gouv.fr/explore/dataset/fr-esr-implantations_etablissements_d_enseignement_superieur_publics/map/?disjunctive.bcnag_n_nature_uai_libelle_editi&disjunctive.services&disjunctive.type_uai&disjunctive.nature_uai&refine.etablissement_uai=9710585J;;;;199715855;;https://fr.wikipedia.org/wiki/Universit%C3%A9_des_Antilles;;;;à l';
0060931E;Université Nice - Sophia-Antipolis;;Université;Public;http://unice.fr/;43.7167, 7.26827;;;;Provence-Alpes-Côte d'Azur>Nice>Alpes-Maritimes>Nice;06088;Nice;UU06701;Nice;D006;Alpes-Maritimes;A23;Nice;R93;Provence-Alpes-Côte d'Azur;;28 AVENUE VALROSE;GRAND CHATEAU;BP 2135;06103;NICE CEDEX 2;France;0492076060;19060931300019;grid.10737.32;FR0001;EPCSCP;Établissement public à caractère scientifique, culturel et professionnel;;;https://www.facebook.com/UnivNiceSophia;https://twitter.com/Univ_Nice;;http://filuns.unice.fr/;;;;;;;;;http://vimeo.com/unice/videos;http://www.youtube.com/;;;https://www.fun-mooc.fr/universities/unice/;Opérateurs MIRES 2014;Recherche et enseignement supérieur;150;Formations supérieures et recherche universitaire (Recherche et enseignement supérieur);;;;;Q1198571;https://www.grid.ac/institutes/grid.10737.32;5109207;0000 0001 2337 2892;http://isni.org/isni/0000000123372892;;R93;Provence-Alpes-Côte d'Azur;University of Nice Sophia Antipolis;https://www.wikidata.org/entity/Q1198571;26197;25821;25020;26120;26382;28135;27504;28333;Université pluridisciplinaire avec santé;https://data.enseignementsup-recherche.gouv.fr/explore/dataset/fr-esr-implantations_etablissements_d_enseignement_superieur_publics/map/?disjunctive.bcnag_n_nature_uai_libelle_editi&disjunctive.services&disjunctive.type_uai&disjunctive.nature_uai&refine.etablissement_uai=0060931E;;;;190609313;;https://fr.wikipedia.org/wiki/Universit%C3%A9_Nice-Sophia-Antipolis;;;;à l';
0311384L;Université de Toulouse 3 - Paul Sabatier;;Université;Public;http://www.univ-tlse3.fr/;43.5608, 1.46936;;;;Occitanie>Toulouse>Haute-Garonne>Toulouse;31555;Toulouse;UU31701;Toulouse;D031;Haute-Garonne;A16;Toulouse;R76;Occitanie;;118 ROUTE DE NARBONNE;;;31062;TOULOUSE CEDEX;France;0561556611;19311384200010;grid.15781.3a;FR0040;EPCSCP;Établissement public à caractère scientifique, culturel et professionnel;;;https://www.facebook.com/ut3paulsabatier;https://twitter.com/UT3PaulSabatier;;http://www.univ-tlse3.fr/1416629//fiche___pagelibre/&RH=ACCUEIL;http://www.linkedin.com/groups?home=&gid=62742&trk=anet_ug_hm;;http://plus.franceculture.fr/partenaires/toulouse-iii-paul-sabatier;;;;;;;https://www.youtube.com/user/PoleCommunicationUPS?ob=&feature=results_main;https://plus.google.com/13399976387287921/posts;;;Opérateurs MIRES 2014;Recherche et enseignement supérieur;150;Formations supérieures et recherche universitaire (Recherche et enseignement supérieur);;;;;Q1273188;https://www.grid.ac/institutes/grid.15781.3a;13958387;0000 0001 0723 035X;http://isni.org/isni/000000010723035X;;R73;Midi-Pyrénées;Paul Sabatier University;https://www.wikidata.org/entity/Q1273188;27432;27653;28397;28766;29485;30562;31388;31478;Université scientifique et/ou médicale;https://data.enseignementsup-recherche.gouv.fr/explore/dataset/fr-esr-implantations_etablissements_d_enseignement_superieur_publics/map/?disjunctive.bcnag_n_nature_uai_libelle_editi&disjunctive.services&disjunctive.type_uai&disjunctive.nature_uai&refine.etablissement_uai=0311384L;;;;193113842;;https://fr.wikipedia.org/wiki/Universit%C3%A9_Toulouse-III-Paul-Sabatier;;;;à l';
0290346U;Université de Bretagne Occidentale;UBO;Université;Public;http://www.univ-brest.fr/;48.3983, -4.50774;;;;Bretagne>Rennes>Finistère>Brest;29019;Brest;UU29701;Brest;D029;Finistère;A14;Rennes;R53;Bretagne;;3 RUE DES ARCHIVES;;CS 93837;29238;BREST CEDEX 3;France;0298016000;19290346600014;grid.6289.5;FR0026;EPCSCP;Établissement public à caractère scientifique, culturel et professionnel;;;https://www.facebook.com/UBO.UnivBrest;https://twitter.com/UBO_UnivBrest;;;;;;;;http://ubo-univ.tumblr.com/;;;;https://www.youtube.com/user/UnivBrest;;;https://www.fun-mooc.fr/universities/UBO/;Opérateurs MIRES 2014;Recherche et enseignement supérieur;150;Formations supérieures et recherche universitaire (Recherche et enseignement supérieur);;;;;Q1857334;https://www.grid.ac/institutes/grid.6289.5;13952608;0000 0001 2188 0893;http://isni.org/isni/0000000121880893;http://dx.doi.org/10.13039/501100006703;R53;Bretagne;University of Western Brittany;https://www.wikidata.org/entity/Q1857334;17059;16683;17174;17383;17797;19103;19719;19986;Université pluridisciplinaire avec santé;https://data.enseignementsup-recherche.gouv.fr/explore/dataset/fr-esr-implantations_etablissements_d_enseignement_superieur_publics/map/?disjunctive.bcnag_n_nature_uai_libelle_editi&disjunctive.services&disjunctive.type_uai&disjunctive.nature_uai&refine.etablissement_uai=0290346U;;;;192903466;501100006703;https://fr.wikipedia.org/wiki/Universit%C3%A9_de_Bretagne-Occidentale;;;;à l';
0171463Y;Université de La Rochelle;;Université;Public;http://www.univ-larochelle.fr/;46.1482, -1.15506;;;;Nouvelle-Aquitaine>Poitiers>Charente-Maritime>La Rochelle;17300;La Rochelle;UU17601;La Rochelle;D017;Charente-Maritime;A13;Poitiers;R75;Nouvelle-Aquitaine;;23 AVENUE ALBERT EINSTEIN;;;17071;LA ROCHELLE CEDEX 9;France;0546459114;19170032700015;grid.11698.37;FR0014;EPCSCP;Établissement public à caractère scientifique, culturel et professionnel;;;https://www.facebook.com/Universite.de.La.Rochelle;https://twitter.com/UnivLaRochelle;;http://www.univ-larochelle.fr/spip.php?page=agenda-rss;;;;;;;;;;;https://plus.google.com/116774829465696597/posts;;;Opérateurs MIRES 2014;Recherche et enseignement supérieur;150;Formations supérieures et recherche universitaire (Recherche et enseignement supérieur);;;;;Q1500822;https://www.grid.ac/institutes/grid.11698.37;13835467;0000 0001 2169 7335;http://isni.org/isni/0000000121697335;;R54;Poitou-Charentes;University of La Rochelle;https://www.wikidata.org/entity/Q1500822;7367;7528;7344;7331;7382;7875;8193;8373;Université pluridisciplinaire hors santé;https://data.enseignementsup-recherche.gouv.fr/explore/dataset/fr-esr-implantations_etablissements_d_enseignement_superieur_publics/map/?disjunctive.bcnag_n_nature_uai_libelle_editi&disjunctive.services&disjunctive.type_uai&disjunctive.nature_uai&refine.etablissement_uai=0171463Y;;;;191700327;;https://fr.wikipedia.org/wiki/Universit%C3%A9_de_La_Rochelle;;;;à l';
0730858L;Université Savoie Mont Blanc;USMB;Université;Public;http://www.univ-savoie.fr/;45.5668, 5.91765;;;;Auvergne-Rhône-Alpes>Grenoble>Savoie>Chambéry;73065;Chambéry;UU73601;Chambéry;D073;Savoie;A08;Grenoble;R84;Auvergne-Rhône-Alpes;;27 RUE MARCOZ;;BP 1104;73011;CHAMBERY CEDEX;France;0479758585;19730858800015;grid.5388.6;FR0170;EPCSCP;Établissement public à caractère scientifique, culturel et professionnel;;;https://www.facebook.com/UnivSavoie;https://twitter.com/Univ_Savoie;;;;;;;;;;http://www.dailymotion.com/univ-savoie;;;;;;Opérateurs MIRES 2014;Recherche et enseignement supérieur;150;Formations supérieures et recherche universitaire (Recherche et enseignement supérieur);;;;;Q2496158;https://www.grid.ac/institutes/grid.5388.6;7984881;;;;R82;Rhône-Alpes;University of Savoy;https://www.wikidata.org/entity/Q2496158;11650;11890;12478;12487;12611;13213;13511;13774;Université pluridisciplinaire hors santé;https://data.enseignementsup-recherche.gouv.fr/explore/dataset/fr-esr-implantations_etablissements_d_enseignement_superieur_publics/map/?disjunctive.bcnag_n_nature_uai_libelle_editi&disjunctive.services&disjunctive.type_uai&disjunctive.nature_uai&refine.etablissement_uai=0730858L;;;;197308588;;https://fr.wikipedia.org/wiki/Universit%C3%A9_Savoie-Mont-Blanc;;;;à l';
0595964M;Université du Littoral Côte d'Opale;ULCO;Université;Public;http://www.univ-littoral.fr/;51.0391, 2.37216;;;;Hauts-de-France>Lille>Nord>Dunkerque;59183;Dunkerque;UU59602;Dunkerque;D059;Nord;A09;Lille;R32;Hauts-de-France;;1 PLACE DE L'YSER;;BP 1022;59375;DUNKERQUE CEDEX 1;France;0328237373;19594403800205;grid.440918.0;FR0127;EPCSCP;Établissement public à caractère scientifique, culturel et professionnel;;;https://www.facebook.com/pages/Universit%C3%A9-du-Littoral-C%C3%B4te-dOpale-ULCO/11878222481491;https://twitter.com/Univ_Littoral;;;;;;;;;;;;;https://plus.google.com/+lille3/posts;Podcast - http://podcast.univ-littoral.fr/;;Opérateurs MIRES 2014;Recherche et enseignement supérieur;150;Formations supérieures et recherche universitaire (Recherche et enseignement supérieur);;;;;Q3551755;https://www.grid.ac/institutes/grid.440918.0;13408767;;;;R31;Nord-Pas-de-Calais;University of the Littoral Opal Coast;https://www.wikidata.org/entity/Q3551755;10848;10145;10292;10071;9669;8370;8541;8683;Université pluridisciplinaire hors santé;https://data.enseignementsup-recherche.gouv.fr/explore/dataset/fr-esr-implantations_etablissements_d_enseignement_superieur_publics/map/?disjunctive.bcnag_n_nature_uai_libelle_editi&disjunctive.services&disjunctive.type_uai&disjunctive.nature_uai&refine.etablissement_uai=0595964M;;;;195944038;;https://fr.wikipedia.org/wiki/Universit%C3%A9_du_Littoral-C%C3%B4te-d%E2%80%99Opale;;;;à l';
0450855K;Université d'Orléans;;Université;Public;http://www.univ-orleans.fr/;47.8502, 1.93351;;;;Centre-Val de Loire>Orléans-Tours>Loiret>Orléans;45234;Orléans;UU45701;Orléans;D045;Loiret;A18;Orléans-Tours;R24;Centre-Val de Loire;;CHATEAU DE LA SOURCE;;BP 6749;45067;ORLEANS CEDEX 2;France;0238417171;19450855200016;grid.112485.b;FR0092;EPCSCP;Établissement public à caractère scientifique, culturel et professionnel;;;https://www.facebook.com/univorleans?fref=ts;;;;;;;;;;;;;;;;;Opérateurs MIRES 2014;Recherche et enseignement supérieur;150;Formations supérieures et recherche universitaire (Recherche et enseignement supérieur);;;;;Q13334;https://www.grid.ac/institutes/grid.112485.b;6605415;0000 0001 0217 6921;http://isni.org/isni/0000000102176921;http://dx.doi.org/10.13039/501100005696;R24;Centre;University of Orléans;https://www.wikidata.org/entity/Q13334;14081;14433;13884;14153;14238;15475;16337;16629;Université pluridisciplinaire hors santé;https://data.enseignementsup-recherche.gouv.fr/explore/dataset/fr-esr-implantations_etablissements_d_enseignement_superieur_publics/map/?disjunctive.bcnag_n_nature_uai_libelle_editi&disjunctive.services&disjunctive.type_uai&disjunctive.nature_uai&refine.etablissement_uai=0450855K;;;;194508552;501100005696;https://fr.wikipedia.org/wiki/Universit%C3%A9_d%27Orl%C3%A9ans;;;;à l';
0597065J;Université de Lille;;Université;Public;https://www.univ-lille.fr/;50.6314, 3.07497;;;https://www.legifrance.gouv.fr/affichTexte.do?cidTexte=JORFTEXT000035543008;Hauts-de-France>Lille>Nord>Lille;59350;Lille;UU59702;Lille;D059;Nord;A09;Lille;R32;Hauts-de-France;;42 RUE PAUL DUEZ;;;59800;LILLE;France;;13002358300011;;;EPCSCP;Établissement public à caractère scientifique, culturel et professionnel;;;;https://twitter.com/univ_lille;;;;;;;;;;;;;;;;Opérateurs MIRES 2014;Recherche et enseignement supérieur;150;Formations supérieures et recherche universitaire (Recherche et enseignement supérieur);;;;;Q3551621;;;;;;R31;Nord-Pas-de-Calais;University of Lille;https://www.wikidata.org/entity/Q3551621;63332;64827;65688;67380;66563;69539;68725;69330;Université pluridisciplinaire avec santé;;;https://www.univ-lille.fr/?L=1;;130023583;;https://fr.wikipedia.org/wiki/Universit%C3%A9_de_Lille;;;;à l';0593559Y,0593560Z,0593561A
0755890V;Sorbonne Université;;Université;Public;https://www.sorbonne-universite.fr/;48.851304, 2.340246;;;https://www.legifrance.gouv.fr/affichTexte.do?cidTexte=JORFTEXT000034455357&categorieLien=id;Île-de-France>Paris>Paris 6e;75106;Paris 6e;UU00851;Paris;D075;Paris;A01;Paris;R11;Île-de-France;;21 rue de l'École-de-médecine;;;75006;PARIS;France;;13002338500011;;;EPCSCP;Établissement public à caractère scientifique, culturel et professionnel;;;https://www.facebook.com/sorbonne.univ/;https://twitter.com/Sorbonne_Univ_;;;;;;;;;;;;https://www.youtube.com/channel/UCJRfmVMO9aeYDHDAJuEv6bw?view_as=subscriber;;;;Opérateurs MIRES 2014;Recherche et enseignement supérieur;150;Formations supérieures et recherche universitaire (Recherche et enseignement supérieur);;;;;Q41497113;;;;;;R11;Île-de-France;Sorbonne University;https://www.wikidata.org/entity/Q41497113;51773;52277;52620;52733;51881;53856;54621;54711;Université pluridisciplinaire avec santé;;https://www.instagram.com/sorbonne_univ/;https://www.sorbonne-universite.fr/en;;130023385;;https://fr.wikipedia.org/wiki/Sorbonne_Universit%C3%A9;;;;à;0751720M,0751722P
0211237F;Université de Bourgogne;;Université;Public;http://www.u-bourgogne.fr/;47.3248, 5.05649;;;;Bourgogne-Franche-Comté>Dijon>Côte-d'Or>Dijon;21231;Dijon;UU21701;Dijon;D021;Côte-d'Or;A07;Dijon;R27;Bourgogne-Franche-Comté;;;CAMPUS UNIV MONTMUZARD;BP 27877;21078;DIJON CEDEX;France;0380395000;19211237300019;grid.5613.1;FR0018;EPCSCP;Établissement public à caractère scientifique, culturel et professionnel;;;https://www.facebook.com/univbourgogne;https://twitter.com/univbourgogne;;http://www.u-bourgogne.fr/?q=flux+rss;;;;;;;http://fr.viadeo.com/fr/groups/?containerId=225n63d8xdchwe;;;http://www.youtube.com/user/UnivBourgogne;;Le réseau social de Bourgogne ( uBlink) = https://ub-link.fr/;https://www.fun-mooc.fr/universities/ubourgogne/;Opérateurs MIRES 2014;Recherche et enseignement supérieur;150;Formations supérieures et recherche universitaire (Recherche et enseignement supérieur);;;;;Q287072;https://www.grid.ac/institutes/grid.5613.1;5611046;0000 0001 2298 9313;http://isni.org/isni/0000000122989313;http://dx.doi.org/10.13039/501100004618;R26;Bourgogne;University of Burgundy;https://www.wikidata.org/entity/Q287072;26118;26551;26254;26326;26357;26471;27935;27414;Université pluridisciplinaire avec santé;https://data.enseignementsup-recherche.gouv.fr/explore/dataset/fr-esr-implantations_etablissements_d_enseignement_superieur_publics/map/?disjunctive.bcnag_n_nature_uai_libelle_editi&disjunctive.services&disjunctive.type_uai&disjunctive.nature_uai&refine.etablissement_uai=0211237F;;;;192112373;501100004618;https://fr.wikipedia.org/wiki/Universit%C3%A9_de_Bourgogne;;;;à l';
0311382J;Université Toulouse 1 - Capitole;;Université;Public;http://www.ut-capitole.fr/;43.6063, 1.43552;;;;Occitanie>Toulouse>Haute-Garonne>Toulouse;31555;Toulouse;UU31701;Toulouse;D031;Haute-Garonne;A16;Toulouse;R76;Occitanie;;2 RUE DU DOYEN GABRIEL MARTY;;;31042;TOULOUSE CEDEX;France;0561633500;19311382600013;grid.22147.32;FR0038;EPCSCP;Établissement public à caractère scientifique, culturel et professionnel;;;https://www.facebook.com/ut1capitole;https://twitter.com/UT1Capitole;;;https://www.linkedin.com/company/universit-toulouse-1-capitole;;;;http://www.scoop.it/u/ut1capitole;;http://www.viadeo.com/fr/company/universite-toulouse-1-capitole;http://www.dailymotion.com/ut-capitole#video=x19f8yb;;;;;;Opérateurs MIRES 2014;Recherche et enseignement supérieur;150;Formations supérieures et recherche universitaire (Recherche et enseignement supérieur);;;;;Q590201;https://www.grid.ac/institutes/grid.22147.32;3320609;0000 0001 2190 2837;http://isni.org/isni/0000000121902837;;R73;Midi-Pyrénées;Toulouse 1 University Capitole;https://www.wikidata.org/entity/Q590201;20108;20276;20906;20543;21210;21769;20334;21320;Université tertiaire - droit et économie;https://data.enseignementsup-recherche.gouv.fr/explore/dataset/fr-esr-implantations_etablissements_d_enseignement_superieur_publics/map/?disjunctive.bcnag_n_nature_uai_libelle_editi&disjunctive.services&disjunctive.type_uai&disjunctive.nature_uai&refine.etablissement_uai=0311382J;https://instagram.com/ut1capitole/;;;193113826;;https://fr.wikipedia.org/wiki/Universit%C3%A9_Toulouse-I-Capitole;;;;à l';
0141408E;Université de Caen Normandie;;Université;Public;http://www.unicaen.fr/;49.1887, -0.363108;;;;Normandie>Caen>Calvados>Caen;14118;Caen;UU14601;Caen;D014;Calvados;A05;Caen;R28;Normandie;;ESPLANADE DE LA PAIX;;CS 14032;14032;CAEN CEDEX 5;France;0231565500;19141408500016;grid.412043.0;FR0008;EPCSCP;Établissement public à caractère scientifique, culturel et professionnel;;;https://fr-fr.facebook.com/unicaen;https://twitter.com/Universite_Caen;;http://www.unicaen.fr/outils-portail-institutionnel/flux-rss/flux-rss-252521.kjsp?RH=1291198674;;;;;;;http://fr.viadeo.com/fr/company/universite-de-caen-basse-normandie;;;;;;;Opérateurs MIRES 2014;Recherche et enseignement supérieur;150;Formations supérieures et recherche universitaire (Recherche et enseignement supérieur);;;;;Q568554;https://www.grid.ac/institutes/grid.412043.0;68447;0000 0001 2186 4076;http://isni.org/isni/0000000121864076;;R25;Basse-Normandie;University of Caen Normandy;https://www.wikidata.org/entity/Q568554;23921;23439;23781;23681;24387;27148;27796;27465;Université pluridisciplinaire avec santé;https://data.enseignementsup-recherche.gouv.fr/explore/dataset/fr-esr-implantations_etablissements_d_enseignement_superieur_publics/map/?disjunctive.bcnag_n_nature_uai_libelle_editi&disjunctive.services&disjunctive.type_uai&disjunctive.nature_uai&refine.etablissement_uai=0141408E;https://www.instagram.com/universitecaen/;;;191414085;;https://fr.wikipedia.org/wiki/Universit%C3%A9_Caen-Normandie;;;;à l';
0301687W;Université de Nîmes;UNÎMES;Université;Public;http://www.unimes.fr/;43.8429, 4.35671;;;"http://www.legifrance.gouv.fr/affichTexte.do;jsessionid=3976DDB631865D070704985BB39F3EC7.tpdjo05v_1?cidTexte=JORFTEXT000025790064&categorieLien=id";Occitanie>Montpellier>Gard>Nîmes;30189;Nîmes;UU30601;Nîmes;D030;Gard;A11;Montpellier;R76;Occitanie;SITE VAUBAN;RUE DU DOCTEUR GEORGES SALAN;;;30021;NIMES CEDEX 1;France;;13000375900011;grid.48959.39;FR0030;EPCSCP;Établissement public à caractère scientifique, culturel et professionnel;;;https://www.facebook.com/unimesfr;https://twitter.com/unimesfr;;http://www.unimes.fr/_plugins/web/zoneItem/fd1178-e8c1-457-a939-85d1a4f8cf31/rss.xml;;;;;;;;;;;;;;Opérateurs MIRES 2014;Recherche et enseignement supérieur;150;Formations supérieures et recherche universitaire (Recherche et enseignement supérieur);;;;;Q2496121;https://www.grid.ac/institutes/grid.48959.39;13879594;0000 0004 0647 1372;http://isni.org/isni/0000000406471372;;R91;Languedoc-Roussillon;University of Nîmes;https://www.wikidata.org/entity/Q2496121;3414;3362;3378;3658;3965;4487;4627;4495;Université pluridisciplinaire hors santé;https://data.enseignementsup-recherche.gouv.fr/explore/dataset/fr-esr-implantations_etablissements_d_enseignement_superieur_publics/map/?disjunctive.bcnag_n_nature_uai_libelle_editi&disjunctive.services&disjunctive.type_uai&disjunctive.nature_uai&refine.etablissement_uai=0301687W;;;;130003759;;https://fr.wikipedia.org/wiki/Universit%C3%A9_de_N%C3%AEmes;;;;à l';
0311383K;Université Toulouse - Jean Jaurès;;Université;Public;http://www.univ-tlse2.fr/;43.5784, 1.40266;;;;Occitanie>Toulouse>Haute-Garonne>Toulouse;31555;Toulouse;UU31701;Toulouse;D031;Haute-Garonne;A16;Toulouse;R76;Occitanie;;5 ALLEES ANTONIO MACHADO;;;31058;TOULOUSE CEDEX;France;0561504250;19311383400017;grid.410542.6;FR0039;EPCSCP;Établissement public à caractère scientifique, culturel et professionnel;;;https://www.facebook.com/pages/Universit%C3%A9-Toulouse-Jean-Jaur%C3%A8s/256170874775;https://twitter.com/UTJeanJaures;;http://www.univ-tlse2.fr/rss;;;http://plus.franceculture.fr/partenaires/toulouse-2-le-mirail;;;;http://www.viadeo.com/fr/company/universite-de-toulouse-jean-jaures;;;;;;https://www.fun-mooc.fr/universities/UT2J/;Opérateurs MIRES 2014;Recherche et enseignement supérieur;150;Formations supérieures et recherche universitaire (Recherche et enseignement supérieur);;;;;Q1933558;https://www.grid.ac/institutes/grid.410542.6;9915233;0000 0004 0486 042X;http://isni.org/isni/000000040486042X;;R73;Midi-Pyrénées;University of Toulouse II – Le Mirail;https://www.wikidata.org/entity/Q1933558;21824;22259;22971;23708;24022;24417;26562;27244;Université tertiaire - lettres et sc. Humaines;https://data.enseignementsup-recherche.gouv.fr/explore/dataset/fr-esr-implantations_etablissements_d_enseignement_superieur_publics/map/?disjunctive.bcnag_n_nature_uai_libelle_editi&disjunctive.services&disjunctive.type_uai&disjunctive.nature_uai&refine.etablissement_uai=0311383K;;;;193113834;;https://fr.wikipedia.org/wiki/Universit%C3%A9_Toulouse-Jean-Jaur%C3%A8s;;;;à l';
0350937D;Université Rennes 2;;Université;Public;http://www.univ-rennes2.fr/;48.1216, -1.70435;;;;Bretagne>Rennes>Ille-et-Vilaine>Rennes;35238;Rennes;UU35701;Rennes;D035;Ille-et-Vilaine;A14;Rennes;R53;Bretagne;CAMPUS DE VILLEJEAN;PLACE DU RECTEUR LE MOAL;;;35043;RENNES CEDEX;France;0299141000;19350937900015;grid.11619.3e;FR0063;EPCSCP;Établissement public à caractère scientifique, culturel et professionnel;;;https://www.facebook.com/UnivRennes2;https://twitter.com/Univ_Rennes2;;http://www.univ-rennes2.fr/rss.xml;;;;;;;;;;;;;;Opérateurs MIRES 2014;Recherche et enseignement supérieur;150;Formations supérieures et recherche universitaire (Recherche et enseignement supérieur);;;;;Q459026;https://www.grid.ac/institutes/grid.11619.3e;13955034;0000 0001 2152 2279;http://isni.org/isni/0000000121522279;;R53;Bretagne;University of Rennes 2 – Upper Brittany;https://www.wikidata.org/entity/Q459026;17836;19478;20650;20632;21249;22294;21949;20687;Université tertiaire - lettres et sc. Humaines;https://data.enseignementsup-recherche.gouv.fr/explore/dataset/fr-esr-implantations_etablissements_d_enseignement_superieur_publics/map/?disjunctive.bcnag_n_nature_uai_libelle_editi&disjunctive.services&disjunctive.type_uai&disjunctive.nature_uai&refine.etablissement_uai=0350937D;;;;193509379;;https://fr.wikipedia.org/wiki/Universit%C3%A9_Rennes-II;;;;à l';
9840349G;Université de la Polynésie Française;UPF;Université;Public;http://www.upf.pf/;-17.576944, -149.609167;;;;Collectivités d'outre-mer>Polynésie Française>Punaauia;98738;Punaauia;TOM98738;Punaauia;D987;Polynésie Française;A41;Polynésie Française;R00;Collectivités d'outre-mer;;;PUNAAUIA;BP 6570;98704;FAAA;France;00689437448;19987001500013;grid.449688.f;FR0286;EPCSCP;Établissement public à caractère scientifique, culturel et professionnel;;;https://www.facebook.com/univpf;https://twitter.com/universitepf;;http://www.upf.pf/spip.php?page=backend;http://www.linkedin.com/company/universit-de-la-polyn-sie-fran-aise;;;;;;;;;;;;;Opérateurs MIRES 2014;Recherche et enseignement supérieur;150;Formations supérieures et recherche universitaire (Recherche et enseignement supérieur);;;;;Q1695245;https://www.grid.ac/institutes/grid.449688.f;30874028;;;;R00;Collectivités d'outre-mer;University of French Polynesia;https://www.wikidata.org/entity/Q1695245;3133;2979;3127;3415;3255;3214;2944;2767;Université pluridisciplinaire hors santé;https://data.enseignementsup-recherche.gouv.fr/explore/dataset/fr-esr-implantations_etablissements_d_enseignement_superieur_publics/map/?disjunctive.bcnag_n_nature_uai_libelle_editi&disjunctive.services&disjunctive.type_uai&disjunctive.nature_uai&refine.etablissement_uai=9840349G;;;;199870015;;https://fr.wikipedia.org/wiki/Universit%C3%A9_de_la_Polyn%C3%A9sie_fran%C3%A7aise;;;;à l';
0840685N;Avignon Université;AU;Université;Public;http://www.univ-avignon.fr/;43.9496, 4.81774;;;;Provence-Alpes-Côte d'Azur>Aix-Marseille>Vaucluse>Avignon;84007;Avignon;UU00754;Avignon;D084;Vaucluse;A02;Aix-Marseille;R93;Provence-Alpes-Côte d'Azur;;74 RUE LOUIS PASTEUR;;;84029;AVIGNON CEDEX 1;France;0490162500;19840685200204;grid.7310.5;FR0236;EPCSCP;Établissement public à caractère scientifique, culturel et professionnel;;;https://www.facebook.com/Universite.Avignon;https://twitter.com/UnivAvignon;http://www.flickr.com/photos/univavignon;;;;;;;;;http://www.dailymotion.com/UnivAvignon;http://vimeo.com/univavignon/videos;http://www.youtube.com/user/UnivAvignon;;;;Opérateurs MIRES 2014;Recherche et enseignement supérieur;150;Formations supérieures et recherche universitaire (Recherche et enseignement supérieur);;;;;Q2033119;https://www.grid.ac/institutes/grid.7310.5;6881164;0000 0001 2190 2394;http://isni.org/isni/0000000121902394;;R93;Provence-Alpes-Côte d'Azur;University of Avignon and the Vaucluse;https://www.wikidata.org/entity/Q2033119;6665;6636;6792;6524;6582;6846;6903;6768;Université pluridisciplinaire hors santé;https://data.enseignementsup-recherche.gouv.fr/explore/dataset/fr-esr-implantations_etablissements_d_enseignement_superieur_publics/map/?disjunctive.bcnag_n_nature_uai_libelle_editi&disjunctive.services&disjunctive.type_uai&disjunctive.nature_uai&refine.etablissement_uai=0840685N;;;;198406852;;https://fr.wikipedia.org/wiki/Universit%C3%A9_d%27Avignon_et_des_Pays_de_Vaucluse;;;;à;
0860856N;Université de Poitiers;;Université;Public;http://www.univ-poitiers.fr/;46.5861, 0.346654;;;;Nouvelle-Aquitaine>Poitiers>Vienne>Poitiers;86194;Poitiers;UU86601;Poitiers;D086;Vienne;A13;Poitiers;R75;Nouvelle-Aquitaine;;15 RUE DE L'HOTEL DIEU;;TSA 71117;86073;POITIERS CEDEX 9;France;0549453000;19860856400375;grid.11166.31;FR0239;EPCSCP;Établissement public à caractère scientifique, culturel et professionnel;;;https://www.facebook.com/universitedepoitiers;https://twitter.com/UnivPoitiers;;http://www.univ-poitiers.fr/flux-rss-727821.kjsp;;;;;;;;;;https://www.youtube.com/user/UniversitePoitiers;https://plus.google.com/14559162876535225/posts;;;Opérateurs MIRES 2014;Recherche et enseignement supérieur;150;Formations supérieures et recherche universitaire (Recherche et enseignement supérieur);;;;;Q661056;https://www.grid.ac/institutes/grid.11166.31;533895;0000 0001 2160 6368;http://isni.org/isni/0000000121606368;;R54;Poitou-Charentes;University of Poitiers;https://www.wikidata.org/entity/Q661056;23151;22805;22136;22820;22978;24419;25150;26118;Université pluridisciplinaire avec santé;https://data.enseignementsup-recherche.gouv.fr/explore/dataset/fr-esr-implantations_etablissements_d_enseignement_superieur_publics/map/?disjunctive.bcnag_n_nature_uai_libelle_editi&disjunctive.services&disjunctive.type_uai&disjunctive.nature_uai&refine.etablissement_uai=0860856N;;;;198608564;;https://fr.wikipedia.org/wiki/Universit%C3%A9_de_Poitiers;;;;à l';
0350936C;Université de Rennes 1;;Université;Public;http://www.univ-rennes1.fr/;48.1157, -1.67381;;;;Bretagne>Rennes>Ille-et-Vilaine>Rennes;35238;Rennes;UU35701;Rennes;D035;Ille-et-Vilaine;A14;Rennes;R53;Bretagne;;2 RUE DU THABOR;;;35065;RENNES CEDEX;France;0223233636;19350936100013;grid.410368.8;FR0062;EPCSCP;Établissement public à caractère scientifique, culturel et professionnel;;;https://www.facebook.com/UnivRennes1;https://twitter.com/UnivRennes1;;http://www.univ-rennes1.fr/bas-de-page/RSS/;;;;;;;;;;;;;https://www.fun-mooc.fr/universities/univrennes1/;Opérateurs MIRES 2014;Recherche et enseignement supérieur;150;Formations supérieures et recherche universitaire (Recherche et enseignement supérieur);;;;;Q726595;https://www.grid.ac/institutes/grid.410368.8;7257133;0000 0001 2191 9284;http://isni.org/isni/0000000121919284;http://dx.doi.org/10.13039/501100007525;R53;Bretagne;University of Rennes 1;https://www.wikidata.org/entity/Q726595;25132;25892;25576;25662;25803;27082;27957;27464;Université scientifique et/ou médicale;https://data.enseignementsup-recherche.gouv.fr/explore/dataset/fr-esr-implantations_etablissements_d_enseignement_superieur_publics/map/?disjunctive.bcnag_n_nature_uai_libelle_editi&disjunctive.services&disjunctive.type_uai&disjunctive.nature_uai&refine.etablissement_uai=0350936C;;;;193509361;501100007525;https://fr.wikipedia.org/wiki/Universit%C3%A9_de_Rennes-I;;;;à l';
0342321N;Université de Montpellier;;Université;Public;http://www.umontpellier.fr/;43.59848, 3.896874;;;;Occitanie>Montpellier>Hérault>Montpellier;34172;Montpellier;UU34701;Montpellier;D034;Hérault;A11;Montpellier;R76;Occitanie;;163 RUE AUGUSTE BROUSSONET;;;34090;MONTPELLIER;France;;13002054800017;grid.121334.6;FR0323;EPCSCP;Établissement public à caractère scientifique, culturel et professionnel;;;https://www.facebook.com/univmontpellier;https://twitter.com/umontpellier;;;;;;;;;;;;;;http://www.umontpellier.fr/videos/;https://www.fun-mooc.fr/universities/umontpellier/;Opérateurs MIRES 2015;Recherche et enseignement supérieur;150;Formations supérieures et recherche universitaire (Recherche et enseignement supérieur);;;;;Q776223;https://www.grid.ac/institutes/grid.121334.6;47000799;0000 0001 2186 5845;http://isni.org/isni/0000000121865845;;R91;Languedoc-Roussillon;;https://www.wikidata.org/entity/Q776223;37048;38714;39820;39579;39082;39388;39878;41343;Université pluridisciplinaire avec santé;https://data.enseignementsup-recherche.gouv.fr/explore/dataset/fr-esr-implantations_etablissements_d_enseignement_superieur_publics/map/?disjunctive.bcnag_n_nature_uai_libelle_editi&disjunctive.services&disjunctive.type_uai&disjunctive.nature_uai&refine.etablissement_uai=0342321N;;;;130020548;;https://fr.wikipedia.org/wiki/Universit%C3%A9_de_Montpellier;;;;à l';0341087X,0341088Y
0333298F;Université de Bordeaux;;Université;Public;http://www.u-bordeaux.fr/;44.809966, -0.596578;;;;Nouvelle-Aquitaine>Bordeaux>Gironde>Bordeaux>Talence;33522;Talence;UU33701;Bordeaux;D033;Gironde;A04;Bordeaux;R75;Nouvelle-Aquitaine;;351 COURS DE LA LIBÉRATION;;;33405;TALENCE CEDEX;France;;13001835100010;grid.10839.33;FR0288;EPCSCP;Établissement public à caractère scientifique, culturel et professionnel;;;https://www.facebook.com/univbordeaux;https://twitter.com/univbordeaux;;http://www.u-bordeaux.fr/Espace-presse/Abonnez-vous-aux-flux-RSS-de-l-universite-de-Bordeaux;;;;;;;;;;https://www.youtube.com/user/ubordeaux;;;https://www.fun-mooc.fr/universities/universite-de-bordeaux/;Non_Opérateur_LOLF_2014;;;;;;;;Q13344;https://www.grid.ac/institutes/grid.10839.33;;0000 0004 0472 5287;http://isni.org/isni/0000000404725287;http://dx.doi.org/10.13039/501100006251;R72;Aquitaine;;https://www.wikidata.org/entity/Q13344;44347;45712;46668;46459;46382;48143;49476;50174;Université pluridisciplinaire avec santé;https://data.enseignementsup-recherche.gouv.fr/explore/dataset/fr-esr-implantations_etablissements_d_enseignement_superieur_publics/map/?disjunctive.bcnag_n_nature_uai_libelle_editi&disjunctive.services&disjunctive.type_uai&disjunctive.nature_uai&refine.etablissement_uai=0333298F;;;;130018351;501100006251;https://fr.wikipedia.org/wiki/Universit%C3%A9_de_Bordeaux;;;;à l';0331764N,0331765P,0332929E
0951793H;Université de Cergy-Pontoise;;Université;Public;http://www.u-cergy.fr/;49.0342, 2.06771;;;;Île-de-France>Versailles>Val-d'Oise>Paris>Cergy;95127;Cergy;UU00851;Paris;D095;Val-d'Oise;A25;Versailles;R11;Île-de-France;;33 BOULEVARD DU PORT;;BP 220;95011;CERGY PONTOISE CEDEX;France;0134256000;19951793900013;grid.7901.f;FR0275;EPCSCP;Établissement public à caractère scientifique, culturel et professionnel;;;https://www.facebook.com/UniversiteCergyPontoise?ref=tn_tnmn;https://twitter.com/UniversiteCergy;;http://www.u-cergy.fr/_plugins/web/www/fr/filter/org.ametys.web.new.RSS.accueil/rss.xml;;;;;;;;;;;https://plus.google.com/+universitecergy/posts;;https://www.fun-mooc.fr/universities/u-cergy/;Opérateurs MIRES 2014;Recherche et enseignement supérieur;150;Formations supérieures et recherche universitaire (Recherche et enseignement supérieur);;;;;Q2496006;https://www.grid.ac/institutes/grid.7901.f;13889425;0000 0001 2290 0120;http://isni.org/isni/0000000122900120;;R11;Île-de-France;Cergy-Pontoise University;https://www.wikidata.org/entity/Q2496006;14045;13846;14164;14036;12827;13488;14375;15052;Université pluridisciplinaire hors santé;https://data.enseignementsup-recherche.gouv.fr/explore/dataset/fr-esr-implantations_etablissements_d_enseignement_superieur_publics/map/?disjunctive.bcnag_n_nature_uai_libelle_editi&disjunctive.services&disjunctive.type_uai&disjunctive.nature_uai&refine.etablissement_uai=0951793H;;;;199517939;;https://fr.wikipedia.org/wiki/Universit%C3%A9_de_Cergy-Pontoise;;;;à l';
9740478B;Université de La Réunion;;Université;Public;http://www.univ-reunion.fr/;-20.9019, 55.4843;;;;La Réunion>Saint-Denis;97411;Saint-Denis;UU9D603;Saint-Denis;D974;La Réunion;A28;La Réunion;R04;La Réunion;;15 AV RENE CASSIN;;BP 7151;97715;ST DENIS MESSAG CEDEX 9;France;0262938080;19974478000016;grid.11642.30;FR0283;EPCSCP;Établissement public à caractère scientifique, culturel et professionnel;;;https://www.facebook.com/pages/Universit%C3%A9-de-La-R%C3%A9union-OFFICIEL/1971768169943;https://twitter.com/Univ_Reunion;;http://www.univ-reunion.fr/?type=1;;;;;;;;;;;;;;Opérateurs MIRES 2014;Recherche et enseignement supérieur;150;Formations supérieures et recherche universitaire (Recherche et enseignement supérieur);;;;;Q834819;https://www.grid.ac/institutes/grid.11642.30;13952707;0000 0001 2111 2608;http://isni.org/isni/0000000121112608;;R04;La Réunion;University of La Réunion;https://www.wikidata.org/entity/Q834819;11653;11593;12204;12412;12136;13251;13472;13637;Université pluridisciplinaire avec santé;https://data.enseignementsup-recherche.gouv.fr/explore/dataset/fr-esr-implantations_etablissements_d_enseignement_superieur_publics/map/?disjunctive.bcnag_n_nature_uai_libelle_editi&disjunctive.services&disjunctive.type_uai&disjunctive.nature_uai&refine.etablissement_uai=9740478B;;;;199744780;;https://fr.wikipedia.org/wiki/Universit%C3%A9_de_La_R%C3%A9union;;;;à l';
0370800U;Université de Tours;;Université;Public;https://www.univ-tours.fr/;47.3837, 0.672511;;;;Centre-Val de Loire>Orléans-Tours>Indre-et-Loire>Tours;37261;Tours;UU37701;Tours;D037;Indre-et-Loire;A18;Orléans-Tours;R24;Centre-Val de Loire;;60 RUE RUE DU PLAT D'ETAIN;;;37020;TOURS CEDEX 1;France;0247366600;19370800500478;grid.12366.30;FR0070;EPCSCP;Établissement public à caractère scientifique, culturel et professionnel;;;https://www.facebook.com/univ.tours/;https://twitter.com/UnivTours;;;https://www.linkedin.com/school/universite-de-tours/;;;;;;;;;https://www.youtube.com/user/UnivTours;;;;Opérateurs MIRES 2014;Recherche et enseignement supérieur;150;Formations supérieures et recherche universitaire (Recherche et enseignement supérieur);;;;;Q494335;https://www.grid.ac/institutes/grid.12366.30;11575417;0000 0001 2182 6141;http://isni.org/isni/0000000121826141;http://dx.doi.org/10.13039/501100007526;R24;Centre;Tours University;https://www.wikidata.org/entity/Q494335;21855;22549;23075;22916;23495;24067;25189;25843;Université pluridisciplinaire avec santé;https://data.enseignementsup-recherche.gouv.fr/explore/dataset/fr-esr-implantations_etablissements_d_enseignement_superieur_publics/map/?disjunctive.bcnag_n_nature_uai_libelle_editi&disjunctive.services&disjunctive.type_uai&disjunctive.nature_uai&refine.etablissement_uai=0370800U;https://www.instagram.com/univtours/;;;193708005;501100007526;https://fr.wikipedia.org/wiki/Universit%C3%A9_de_Tours;;;;à l';
0421095M;Université Jean Monnet;;Université;Public;http://portail.univ-st-etienne.fr/;45.4249, 4.39294;;;;Auvergne-Rhône-Alpes>Lyon>Loire>Saint-Étienne;42218;Saint-Étienne;UU00753;Saint-Étienne;D042;Loire;A10;Lyon;R84;Auvergne-Rhône-Alpes;MAISON DE L'UNIVERSITÉ;10 RUE TREFILERIE;;;42023;ST ETIENNE CEDEX 2;France;0477421700;19421095100423;grid.6279.a;FR0082;EPCSCP;Établissement public à caractère scientifique, culturel et professionnel;;;https://www.facebook.com/Universite.Jean.Monnet.Saint.Etienne;https://twitter.com/Univ_St_Etienne;;;;;;;;;http://fr.viadeo.com/fr/profile/angela.sequeira1;;;https://www.youtube.com/user/UniJeanMonnetUJM;;;;Opérateurs MIRES 2014;Recherche et enseignement supérieur;150;Formations supérieures et recherche universitaire (Recherche et enseignement supérieur);;;;;Q623154;https://www.grid.ac/institutes/grid.6279.a;13469211;0000 0001 2158 1682;http://isni.org/isni/0000000121581682;;R82;Rhône-Alpes;Jean Monnet University;https://www.wikidata.org/entity/Q623154;15494;16076;16166;16578;17163;18341;18919;18779;Université pluridisciplinaire avec santé;https://data.enseignementsup-recherche.gouv.fr/explore/dataset/fr-esr-implantations_etablissements_d_enseignement_superieur_publics/map/?disjunctive.bcnag_n_nature_uai_libelle_editi&disjunctive.services&disjunctive.type_uai&disjunctive.nature_uai&refine.etablissement_uai=0421095M;;;;194210951;;https://fr.wikipedia.org/wiki/Universit%C3%A9_Jean-Monnet-Saint-%C3%89tienne;;;;à l';
0673021V;Université de Strasbourg;;Université;Public;http://www.unistra.fr/;48.579, 7.7663;;;;Grand Est>Strasbourg>Bas-Rhin>Strasbourg;67482;Strasbourg;UU67701;Strasbourg;D067;Bas-Rhin;A15;Strasbourg;R44;Grand Est;;4 RUE BLAISE PASCAL;;CS 90032;67081;STRASBOURG CEDEX;France;0368850000;13000545700010;grid.11843.3f;FR0149;EPCSCP;Établissement public à caractère scientifique, culturel et professionnel;;;https://www.facebook.com/unistra;https://twitter.com/unistra;;;;;;;;;;;;;https://plus.google.com/+unistra/posts;;https://www.fun-mooc.fr/universities/universite-de-strasbourg/;Opérateurs MIRES 2014;Recherche et enseignement supérieur;150;Formations supérieures et recherche universitaire (Recherche et enseignement supérieur);;;;;Q157575;https://www.grid.ac/institutes/grid.11843.3f;722824;0000 0001 2157 9291;http://isni.org/isni/0000000121579291;http://dx.doi.org/10.13039/501100003768;R42;Alsace;University of Strasbourg;https://www.wikidata.org/entity/Q157575;42441;43076;43936;44160;44726;46050;48156;48927;Université pluridisciplinaire avec santé;https://data.enseignementsup-recherche.gouv.fr/explore/dataset/fr-esr-implantations_etablissements_d_enseignement_superieur_publics/map/?disjunctive.bcnag_n_nature_uai_libelle_editi&disjunctive.services&disjunctive.type_uai&disjunctive.nature_uai&refine.etablissement_uai=0673021V;;;;130005457;501100003768;https://fr.wikipedia.org/wiki/Universit%C3%A9_de_Strasbourg;;;;à l';0671712X,0671713Y,0671778U
0751717J;Université Paris 1 - Panthéon Sorbonne;;Université;Public;http://www.univ-paris1.fr/;48.8468, 2.34488;;;;Île-de-France>Paris>Paris 5e;75105;Paris 5e;UU00851;Paris;D075;Paris;A01;Paris;R11;Île-de-France;;12 PLACE DU PANTHEON;;;75231;PARIS CEDEX 05;France;0144078000;19751717000019;grid.10988.38;FR0174;EPCSCP;Établissement public à caractère scientifique, culturel et professionnel;;;https://www.facebook.com/UnivParis1PantheonSorbonne;https://twitter.com/SorbonneParis1;;http://www.univ-paris1.fr/index.php?id=51784;http://www.linkedin.com/edu/school?id=12544;;;;;;;;;http://www.youtube.com/user/UnivParis1;;;https://www.fun-mooc.fr/universities/Paris1/;Opérateurs MIRES 2014;Recherche et enseignement supérieur;150;Formations supérieures et recherche universitaire (Recherche et enseignement supérieur);;;;;Q999763;https://www.grid.ac/institutes/grid.10988.38;2846518;0000 0001 2173 743X;http://isni.org/isni/000000012173743X;;R11;Île-de-France;Pantheon-Sorbonne University;https://www.wikidata.org/entity/Q999763;37908;39224;38833;40021;39532;39953;40551;41987;Université tertiaire - droit et économie;https://data.enseignementsup-recherche.gouv.fr/explore/dataset/fr-esr-implantations_etablissements_d_enseignement_superieur_publics/map/?disjunctive.bcnag_n_nature_uai_libelle_editi&disjunctive.services&disjunctive.type_uai&disjunctive.nature_uai&refine.etablissement_uai=0751717J;;;;197517170;;https://fr.wikipedia.org/wiki/Universit%C3%A9_Panth%C3%A9on-Sorbonne;;;;à l';
0640251A;Université de Pau et des Pays de l'Adour;UPPA;Université;Public;http://www.univ-pau.fr/;43.3113, -0.363823;;;;Nouvelle-Aquitaine>Bordeaux>Pyrénées-Atlantiques>Pau;64445;Pau;UU64601;Pau;D064;Pyrénées-Atlantiques;A04;Bordeaux;R75;Nouvelle-Aquitaine;;AVENUE DE L UNIVERSITE;;BP 576;64012;PAU UNIVERSITE CEDEX;France;0559407000;19640251500270;grid.5571.6;FR0140;EPCSCP;Établissement public à caractère scientifique, culturel et professionnel;;;https://www.facebook.com/pages/Universit%C3%A9-de-Pau-et-des-Pays-de-lAdour-UPPA/154751851238234?v=wall;https://twitter.com/universite_uppa;;http://www.univ-pau.fr/live/Flux-RSS;;;;;;;;;;;;;;Opérateurs MIRES 2014;Recherche et enseignement supérieur;150;Formations supérieures et recherche universitaire (Recherche et enseignement supérieur);;;;;Q572968;https://www.grid.ac/institutes/grid.5571.6;7235991;0000 0001 2289 818X;http://isni.org/isni/000000012289818X;;R72;Aquitaine;University of Pau and Pays de l'Adour;https://www.wikidata.org/entity/Q572968;11401;11437;11301;11329;11774;11926;12352;12331;Université pluridisciplinaire hors santé;https://data.enseignementsup-recherche.gouv.fr/explore/dataset/fr-esr-implantations_etablissements_d_enseignement_superieur_publics/map/?disjunctive.bcnag_n_nature_uai_libelle_editi&disjunctive.services&disjunctive.type_uai&disjunctive.nature_uai&refine.etablissement_uai=0640251A;;;;196402515;;https://fr.wikipedia.org/wiki/Universit%C3%A9_de_Pau_et_des_Pays_de_l%27Adour;;;;à l';
0751718K;Université Panthéon-Assas;;Université;Public;http://www.u-paris2.fr/;48.8468, 2.34488;;;;Île-de-France>Paris>Paris 5e;75105;Paris 5e;UU00851;Paris;D075;Paris;A01;Paris;R11;Île-de-France;;12 PLACE DU PANTHEON;;;75231;PARIS CEDEX 05;France;0144415700;19751718800011;grid.33831.3a;FR0175;EPCSCP;Établissement public à caractère scientifique, culturel et professionnel;;;https://www.facebook.com/pages/Universit%C3%A9-Paris-II-Panth%C3%A9on-Assas/186728765857;https://twitter.com/AssasParisII;;;;;;;;;;;;https://www.youtube.com/user/UniversiteAssas;;;https://www.fun-mooc.fr/universities/Paris2/;Opérateurs MIRES 2014;Recherche et enseignement supérieur;150;Formations supérieures et recherche universitaire (Recherche et enseignement supérieur);;;;;Q662976;https://www.grid.ac/institutes/grid.33831.3a;1259276;;;;R11;Île-de-France;Pantheon-Assas University;https://www.wikidata.org/entity/Q662976;15602;15371;15804;16526;16592;16989;16221;16681;Université tertiaire - droit et économie;https://data.enseignementsup-recherche.gouv.fr/explore/dataset/fr-esr-implantations_etablissements_d_enseignement_superieur_publics/map/?disjunctive.bcnag_n_nature_uai_libelle_editi&disjunctive.services&disjunctive.type_uai&disjunctive.nature_uai&refine.etablissement_uai=0751718K;;;;197517188;;https://fr.wikipedia.org/wiki/Universit%C3%A9_Panth%C3%A9on-Assas;;;;à l';
0632035V;Université Clermont Auvergne;UCA;Université;Public;https://www.uca.fr/;45.770548, 3.087722;;;https://www.legifrance.gouv.fr/affichTexte.do?cidTexte=JORFTEXT000033119145&categorieLien=id;Auvergne-Rhône-Alpes>Clermont-Ferrand>Puy-de-Dôme>Clermont-Ferrand;63113;Clermont-Ferrand;UU63701;Clermont-Ferrand;D063;Puy-de-Dôme;A06;Clermont-Ferrand;R84;Auvergne-Rhône-Alpes;;49 BOULEVARD FRANCOIS MITTERRAND;;BP 32;63001;CLERMONT FERRAND CEDEX 1;France;0473177979;13002277500014;;;EPCSCP;Établissement public à caractère scientifique, culturel et professionnel;;;https://www.facebook.com/universite.clermont.auvergne;https://twitter.com/UCAuvergne;;;;;;;;;;;;https://www.youtube.com/channel/UCW2Zk0QWHDMOOKwII2k6nUQ;;;;;Recherche et enseignement supérieur;150;Formations supérieures et recherche universitaire (Recherche et enseignement supérieur);;;;;Q28057967;;;;;;R83;Auvergne;;https://www.wikidata.org/entity/Q28057967;29684;30069;29729;29971;29253;29727;30240;31282;Université pluridisciplinaire avec santé;https://data.enseignementsup-recherche.gouv.fr/explore/dataset/fr-esr-implantations_etablissements_d_enseignement_superieur_publics/map/?disjunctive.bcnag_n_nature_uai_libelle_editi&disjunctive.services&disjunctive.type_uai&disjunctive.nature_uai&refine.etablissement_uai=0632035V;https://www.instagram.com/UniversiteClermontAuvergne/;;;130022775;;https://fr.wikipedia.org/wiki/Universit%C3%A9_Clermont_Auvergne;;;;à l';0631262E,0631525R
0134009M;Aix-Marseille Université;AMU;Université;Public;http://www.univ-amu.fr/;43.2936, 5.35871;;;;Provence-Alpes-Côte d'Azur>Aix-Marseille>Bouches-du-Rhône>Marseille - Aix-en-Provence>Marseille 7e;13207;Marseille 7e;UU00759;Marseille - Aix-en-Provence;D013;Bouches-du-Rhône;A02;Aix-Marseille;R93;Provence-Alpes-Côte d'Azur;MARSEILLE 7;58 BOULEVARD CHARLES LIVON;;;13284;MARSEILLE CEDEX 07;France;;13001533200013;grid.5399.6;FR0007;EPCSCP;Établissement public à caractère scientifique, culturel et professionnel;;;https://www.facebook.com/pages/Universit%C3%A9-de-Provence/5184636?rf=112212554767;;;;;;http://plus.franceculture.fr/partenaires/aix-marseille-universite;;;;;;;;;;https://www.fun-mooc.fr/universities/amu/;Opérateurs MIRES 2014;Recherche et enseignement supérieur;150;Formations supérieures et recherche universitaire (Recherche et enseignement supérieur);;;;;Q2302586;https://www.grid.ac/institutes/grid.5399.6;4876289;0000 0001 2176 4817;http://isni.org/isni/0000000121764817;http://dx.doi.org/10.13039/100007586;R93;Provence-Alpes-Côte d'Azur;Aix-Marseille University;https://www.wikidata.org/entity/Q2302586;63641;62905;60648;59158;60154;62648;63482;63948;Université pluridisciplinaire avec santé;https://data.enseignementsup-recherche.gouv.fr/explore/dataset/fr-esr-implantations_etablissements_d_enseignement_superieur_publics/map/?disjunctive.bcnag_n_nature_uai_libelle_editi&disjunctive.services&disjunctive.type_uai&disjunctive.nature_uai&refine.etablissement_uai=0134009M;;;;130015332;100007586;https://fr.wikipedia.org/wiki/Universit%C3%A9_d%27Aix-Marseille;;;;à;0131842G,0131843H,0132364Z
0931238R;Université Paris 13 - Paris Nord;;Université;Public;http://www.univ-paris13.fr/;48.9571, 2.33972;;;;Île-de-France>Créteil>Seine-Saint-Denis>Paris>Villetaneuse;93079;Villetaneuse;UU00851;Paris;D093;Seine-Saint-Denis;A24;Créteil;R11;Île-de-France;;AVENUE JEAN BAPTISTE CLEMENT;;;93430;VILLETANEUSE;France;0149403000;19931238000017;grid.11318.3a;FR0262;EPCSCP;Établissement public à caractère scientifique, culturel et professionnel;;;https://www.facebook.com/univparis13;https://twitter.com/univ_paris13;;;;;http://plus.franceculture.fr/partenaires/paris-13;;;;;http://www.dailymotion.com/CommunicationP13#video=x18idtq;;http://www.youtube.com/user/Univparis13;;;;Opérateurs MIRES 2014;Recherche et enseignement supérieur;150;Formations supérieures et recherche universitaire (Recherche et enseignement supérieur);;;;;Q1780212;https://www.grid.ac/institutes/grid.11318.3a;8892205;0000000121496883;http://isni.org/isni/0000000121496883;;R11;Île-de-France;University of Paris North;https://www.wikidata.org/entity/Q1780212;21284;21920;21086;20926;20391;20750;20558;20600;Université pluridisciplinaire avec santé;https://data.enseignementsup-recherche.gouv.fr/explore/dataset/fr-esr-implantations_etablissements_d_enseignement_superieur_publics/map/?disjunctive.bcnag_n_nature_uai_libelle_editi&disjunctive.services&disjunctive.type_uai&disjunctive.nature_uai&refine.etablissement_uai=0931238R;;;;199312380;;https://fr.wikipedia.org/wiki/Universit%C3%A9_Paris-XIII-Nord;;;;à l';
0911975C;Université d'Évry-Val d'Essonne;;Université;Public;http://www.univ-evry.fr/;48.6249, 2.42643;;;;Île-de-France>Versailles>Essonne>Paris>Évry;91228;Évry;UU00851;Paris;D091;Essonne;A25;Versailles;R11;Île-de-France;;BOULEVARD FRANCOIS MITTERRAND;;;91025;EVRY CEDEX;France;0169477000;19911975100014;grid.8390.2;FR0249;EPCSCP;Établissement public à caractère scientifique, culturel et professionnel;;;https://www.facebook.com/pages/Universit%C3%A9-dEvry-Val-dEssonne/3922258983;https://twitter.com/UnivEvry;;http://www.univ-evry.fr/modules/rss/fr/new/rss.xml?rubriques[]=l_universite&rubriques[]=l_universite%2Fpresentation_generale2&rubriques[]=l_universite%2Fpresentation_generale&rubriques[]=l_universite%2Forganisation_et_services&rubriques[]=l_universite%2Fc;;;;;;;;;;;;;;Opérateurs MIRES 2014;Recherche et enseignement supérieur;150;Formations supérieures et recherche universitaire (Recherche et enseignement supérieur);;;;;Q1531014;https://www.grid.ac/institutes/grid.8390.2;5620618;0000 0001 2180 5818;http://isni.org/isni/0000000121805818;;R11;Île-de-France;University of Évry Val d'Essonne;https://www.wikidata.org/entity/Q1531014;9534;9685;9462;8945;9205;9800;8581;9024;Université pluridisciplinaire hors santé;https://data.enseignementsup-recherche.gouv.fr/explore/dataset/fr-esr-implantations_etablissements_d_enseignement_superieur_publics/map/?disjunctive.bcnag_n_nature_uai_libelle_editi&disjunctive.services&disjunctive.type_uai&disjunctive.nature_uai&refine.etablissement_uai=0911975C;;;;199119751;;https://fr.wikipedia.org/wiki/Universit%C3%A9_d%27%C3%89vry-Val-d%27Essonne;;;;à l';
0801344B;Université de Picardie Jules-Verne;UPJV;Université;Public;http://www.u-picardie.fr/;49.8743, 2.26417;;;;Hauts-de-France>Amiens>Somme>Amiens;80021;Amiens;UU80601;Amiens;D080;Somme;A20;Amiens;R32;Hauts-de-France;;CHEMIN DU THIL;;;80021;AMIENS CEDEX 1;France;0322827272;19801344300017;grid.11162.35;FR0230;EPCSCP;Établissement public à caractère scientifique, culturel et professionnel;;;https://www.facebook.com/UPJV.8;https://twitter.com/upjv;;http://www.u-picardie.fr/adminsite/webservices/export_rss.jsp?SELECTION=3&TYPE_EVENEMENT=ACTU-UN1#NOMBRE=1;;;;;;;;;;;;;;Opérateurs MIRES 2014;Recherche et enseignement supérieur;150;Formations supérieures et recherche universitaire (Recherche et enseignement supérieur);;;;;Q947747;https://www.grid.ac/institutes/grid.11162.35;5291239;0000 0001 0789 1385;http://isni.org/isni/0000000107891385;;R22;Picardie;University of Picardie Jules Verne;https://www.wikidata.org/entity/Q947747;22243;22757;23557;23509;23816;25403;25924;26721;Université pluridisciplinaire avec santé;https://data.enseignementsup-recherche.gouv.fr/explore/dataset/fr-esr-implantations_etablissements_d_enseignement_superieur_publics/map/?disjunctive.bcnag_n_nature_uai_libelle_editi&disjunctive.services&disjunctive.type_uai&disjunctive.nature_uai&refine.etablissement_uai=0801344B;;;;198013443;;https://fr.wikipedia.org/wiki/Universit%C3%A9_de_Picardie;;;;à l';
0931827F;Université Paris 8 - Vincennes - Saint-Denis;;Université;Public;http://www.univ-paris8.fr/;48.946, 2.36213;;;;Île-de-France>Créteil>Seine-Saint-Denis>Paris>Saint-Denis;93066;Saint-Denis;UU00851;Paris;D093;Seine-Saint-Denis;A24;Créteil;R11;Île-de-France;;2 RUE DE LA LIBERTE;;;93526;ST DENIS CEDEX;France;0149406789;19931827000014;grid.15878.33;FR0263;EPCSCP;Établissement public à caractère scientifique, culturel et professionnel;;;https://www.facebook.com/Paris8;https://twitter.com/UnivParis8;;http://www.univ-paris8.fr/?page=backend;;;;;;;;;;;;;;Opérateurs MIRES 2014;Recherche et enseignement supérieur;150;Formations supérieures et recherche universitaire (Recherche et enseignement supérieur);;;;;Q1194988;https://www.grid.ac/institutes/grid.15878.33;1543520;0000 0001 2110 7200;http://isni.org/isni/0000000121107200;;R11;Île-de-France;Paris 8 University;https://www.wikidata.org/entity/Q1194988;21817;22521;23010;22299;21802;21752;21917;22154;Université tertiaire - lettres et sc. Humaines;https://data.enseignementsup-recherche.gouv.fr/explore/dataset/fr-esr-implantations_etablissements_d_enseignement_superieur_publics/map/?disjunctive.bcnag_n_nature_uai_libelle_editi&disjunctive.services&disjunctive.type_uai&disjunctive.nature_uai&refine.etablissement_uai=0931827F;;;;199318270;;https://fr.wikipedia.org/wiki/Universit%C3%A9_Paris-VIII;;;;à l';
0751721N;Université Paris Descartes;;Université;Public;http://www.univ-paris5.fr/;48.8512, 2.34077;;;;Île-de-France>Paris>Paris 6e;75106;Paris 6e;UU00851;Paris;D075;Paris;A01;Paris;R11;Île-de-France;;12 RUE DE L'ECOLE DE MEDECINE;;;75270;PARIS CEDEX 06;France;0140461616;19751721200019;grid.10992.33;FR0178;EPCSCP;Établissement public à caractère scientifique, culturel et professionnel;;;https://www.facebook.com/UniversiteParisDescartes?fref=ts;https://twitter.com/UParisDescartes;;http://www.parisdescartes.fr/rss/feed/news_descartes;https://www.linkedin.com/uas/connect/user-signin?session_redirect=http%3A%2F%2Fwww%2Elinkedin%2Ecom%2Fcws%2Flogin-popup;;;;;;http://fr.viadeo.com/fr/company/universite-paris-descartes;;;;;;https://www.fun-mooc.fr/universities/parisdescartes/;Opérateurs MIRES 2014;Recherche et enseignement supérieur;150;Formations supérieures et recherche universitaire (Recherche et enseignement supérieur);;;;;Q1155944;https://www.grid.ac/institutes/grid.10992.33;3110687;0000 0001 2188 0914;http://isni.org/isni/0000000121880914;http://dx.doi.org/10.13039/501100005413;R11;Île-de-France;Paris Descartes University;https://www.wikidata.org/entity/Q1155944;33209;31794;30988;30412;32978;33664;32302;31690;Université scientifique et/ou médicale;https://data.enseignementsup-recherche.gouv.fr/explore/dataset/fr-esr-implantations_etablissements_d_enseignement_superieur_publics/map/?disjunctive.bcnag_n_nature_uai_libelle_editi&disjunctive.services&disjunctive.type_uai&disjunctive.nature_uai&refine.etablissement_uai=0751721N;;;;197517212;501100005413;https://fr.wikipedia.org/wiki/Universit%C3%A9_Paris-Descartes;;;;à l';
0692437Z;Université Jean Moulin - Lyon 3;;Université;Public;http://www.univ-lyon3.fr/;45.747027, 4.860547;;;;Auvergne-Rhône-Alpes>Lyon>Rhône>Lyon>Lyon 8e;69388;Lyon 8e;UU00758;Lyon;D069;Rhône;A10;Lyon;R84;Auvergne-Rhône-Alpes;;1C, avenue des Frères Lumière;;CS 78242;69372;LYON CEDEX 08;France;0478787878;19692437700019;grid.9659.3;FR0161;EPCSCP;Établissement public à caractère scientifique, culturel et professionnel;;;https://www.facebook.com/pages/UNIVERSIT%C3%89-JEAN-MOULIN-LYON-3/2293828314895;https://twitter.com/UJML;;http://www.univ-lyon3.fr/fr/menus/outils/flux-rss/;;;;;;;;;;;;;https://www.fun-mooc.fr/universities/universite-jean-moulin-lyon-3/;Opérateurs MIRES 2014;Recherche et enseignement supérieur;150;Formations supérieures et recherche universitaire (Recherche et enseignement supérieur);;;;;Q4027;https://www.grid.ac/institutes/grid.9659.3;13469109;0000 0001 2192 0883;http://isni.org/isni/0000000121920883;;R82;Rhône-Alpes;Jean Moulin University Lyon 3;https://www.wikidata.org/entity/Q4027;23138;24189;25239;25922;25828;27011;27949;28069;Université tertiaire - droit et économie;https://data.enseignementsup-recherche.gouv.fr/explore/dataset/fr-esr-implantations_etablissements_d_enseignement_superieur_publics/map/?disjunctive.bcnag_n_nature_uai_libelle_editi&disjunctive.services&disjunctive.type_uai&disjunctive.nature_uai&refine.etablissement_uai=0692437Z;;;;196924377;;https://fr.wikipedia.org/wiki/Universit%C3%A9_Jean-Moulin-Lyon-III;;;;à l';
0691775E;Université Lumière - Lyon 2;;Université;Public;http://www.univ-lyon2.fr/;45.7492, 4.83714;;;;Auvergne-Rhône-Alpes>Lyon>Rhône>Lyon>Lyon 7e;69387;Lyon 7e;UU00758;Lyon;D069;Rhône;A10;Lyon;R84;Auvergne-Rhône-Alpes;;86 RUE PASTEUR;;;69365;LYON CEDEX 07;France;0478697152;19691775100014;grid.72960.3a;FR0158;EPCSCP;Établissement public à caractère scientifique, culturel et professionnel;;;https://www.facebook.com/Universite.Lumiere.Lyon2?ref=ts;https://twitter.com/univ_lyon2;http://www.flickr.com/photos/lyon2/;;;;;;;;;;;http://www.youtube.com/user/UnivLyon2;;;;Opérateurs MIRES 2014;Recherche et enseignement supérieur;150;Formations supérieures et recherche universitaire (Recherche et enseignement supérieur);;;;;Q4041;https://www.grid.ac/institutes/grid.72960.3a;13409094;0000 0001 2188 0906;http://isni.org/isni/0000000121880906;;R82;Rhône-Alpes;Lumière University Lyon 2;https://www.wikidata.org/entity/Q4041;28309;27863;28773;28667;29279;29349;29525;28883;Université tertiaire - lettres et sc. Humaines;https://data.enseignementsup-recherche.gouv.fr/explore/dataset/fr-esr-implantations_etablissements_d_enseignement_superieur_publics/map/?disjunctive.bcnag_n_nature_uai_libelle_editi&disjunctive.services&disjunctive.type_uai&disjunctive.nature_uai&refine.etablissement_uai=0691775E;;;;196917751;;https://fr.wikipedia.org/wiki/Universit%C3%A9_Lumi%C3%A8re-Lyon-II;;;;à l';
0331766R;Université Bordeaux-Montaigne;UBM;Université;Public;http://www.u-bordeaux-montaigne.fr/;44.8015, -0.615058;;;;Nouvelle-Aquitaine>Bordeaux>Gironde>Bordeaux>Pessac;33318;Pessac;UU33701;Bordeaux;D033;Gironde;A04;Bordeaux;R75;Nouvelle-Aquitaine;;DOMAINE UNIVERSITAIRE;;;33607;PESSAC CEDEX;France;0557124444;19331766600017;;FR0046;EPCSCP;Établissement public à caractère scientifique, culturel et professionnel;;;https://www.facebook.com/UBordeauxMontaigne;https://twitter.com/UBMontaigne;;http://www.u-bordeaux3.fr/_plugins/web/www/fr/filter/org.ametys.web.new.www.RSS/rss.xml;;;http://plus.franceculture.fr/partenaires/bordeaux-3-michel-de-montaigne;;;;;;;;;;https://www.fun-mooc.fr/universities/bordeauxmontaigne/;Opérateurs MIRES 2014;Recherche et enseignement supérieur;150;Formations supérieures et recherche universitaire (Recherche et enseignement supérieur);;;;;Q13342;;;;;;R72;Aquitaine;Michel de Montaigne University Bordeaux 3;https://www.wikidata.org/entity/Q13342;15466;14770;14458;14484;14888;14995;14499;15485;Université tertiaire - lettres et sc. Humaines;https://data.enseignementsup-recherche.gouv.fr/explore/dataset/fr-esr-implantations_etablissements_d_enseignement_superieur_publics/map/?disjunctive.bcnag_n_nature_uai_libelle_editi&disjunctive.services&disjunctive.type_uai&disjunctive.nature_uai&refine.etablissement_uai=0331766R;;;;193317666;;https://fr.wikipedia.org/wiki/Universit%C3%A9_Bordeaux-Montaigne;;;;à l';
0772502B;Université Paris-Est Marne-la-Vallée;UPEM;Université;Public;http://www.u-pem.fr/;48.8396, 2.58651;;;;Île-de-France>Créteil>Seine-et-Marne>Paris>Champs-sur-Marne;77083;Champs-sur-Marne;UU00851;Paris;D077;Seine-et-Marne;A24;Créteil;R11;Île-de-France;;5 BOULEVARD DESCARTES;CHAMPS SUR MARNE;;77454;MARNE LA VALLEE CEDEX;France;0160957500;19932056500492;grid.10594.39;FR0223;EPCSCP;Établissement public à caractère scientifique, culturel et professionnel;;;https://www.facebook.com/upemlv;https://twitter.com/upemlv;http://www.flickr.com/photos/upemlv/;http://www.univ-mlv.fr/rss;;;;;;;;;;http://www.youtube.com/user/comupemlv;;;;Opérateurs MIRES 2014;Recherche et enseignement supérieur;150;Formations supérieures et recherche universitaire (Recherche et enseignement supérieur);;;;;Q501207;https://www.grid.ac/institutes/grid.10594.39;13959622;0000 0001 1512 4813;http://isni.org/isni/0000000115124813;;R11;Île-de-France;University of Marne la Vallée;https://www.wikidata.org/entity/Q501207;10522;10691;10479;10639;10556;11228;11701;12050;Université pluridisciplinaire hors santé;https://data.enseignementsup-recherche.gouv.fr/explore/dataset/fr-esr-implantations_etablissements_d_enseignement_superieur_publics/map/?disjunctive.bcnag_n_nature_uai_libelle_editi&disjunctive.services&disjunctive.type_uai&disjunctive.nature_uai&refine.etablissement_uai=0772502B;;;;199320565;;https://fr.wikipedia.org/wiki/Universit%C3%A9_Paris-Est-Marne-la-Vall%C3%A9e;;;;à l';
0781944P;Université de Versailles Saint-Quentin-en-Yvelines;;Université;Public;http://www.uvsq.fr/;48.7996, 2.1417;;;;Île-de-France>Versailles>Yvelines>Paris>Versailles;78646;Versailles;UU00851;Paris;D078;Yvelines;A25;Versailles;R11;Île-de-France;;55 AVENUE DE PARIS;;;78035;VERSAILLES CEDEX;France;0139257800;19781944400013;grid.12832.3a;FR0229;EPCSCP;Établissement public à caractère scientifique, culturel et professionnel;;;https://www.facebook.com/UVSQ.78?ref=ts;https://twitter.com/uvsq;;;;;;;;;;;;;;;;Opérateurs MIRES 2014;Recherche et enseignement supérieur;150;Formations supérieures et recherche universitaire (Recherche et enseignement supérieur);;;;;Q186638;https://www.grid.ac/institutes/grid.12832.3a;13889493;0000 0001 2323 0229;http://isni.org/isni/0000000123230229;;R11;Île-de-France;Versailles Saint-Quentin-en-Yvelines University;https://www.wikidata.org/entity/Q186638;15142;15420;16126;16925;15799;15661;13820;14117;Université pluridisciplinaire avec santé;https://data.enseignementsup-recherche.gouv.fr/explore/dataset/fr-esr-implantations_etablissements_d_enseignement_superieur_publics/map/?disjunctive.bcnag_n_nature_uai_libelle_editi&disjunctive.services&disjunctive.type_uai&disjunctive.nature_uai&refine.etablissement_uai=0781944P;;;;197819444;;https://fr.wikipedia.org/wiki/Universit%C3%A9_de_Versailles-Saint-Quentin-en-Yvelines;;;;à l';
0762762P;Université du Havre;;Université;Public;http://www.univ-lehavre.fr/;49.4959, 0.129114;;;;Normandie>Rouen>Seine-Maritime>Le Havre;76351;Le Havre;UU76701;Le Havre;D076;Seine-Maritime;A21;Rouen;R28;Normandie;;25 RUE PHILIPPE LEBON;;BP 1123;76063;LE HAVRE CEDEX;France;0235195500;19762762300097;grid.9916.7;FR0220;EPCSCP;Établissement public à caractère scientifique, culturel et professionnel;;;https://www.facebook.com/univ.lehavre;;;http://www.univ-lehavre.fr/ulh_services/spip.php?page=backend;;;;;;;;;;;;;;Opérateurs MIRES 2014;Recherche et enseignement supérieur;150;Formations supérieures et recherche universitaire (Recherche et enseignement supérieur);;;;;Q1784954;https://www.grid.ac/institutes/grid.9916.7;13958688;0000 0001 2173 1046;http://isni.org/isni/0000000121731046;;R23;Haute-Normandie;University of Le Havre;https://www.wikidata.org/entity/Q1784954;6914;6895;6958;7250;7230;7479;7708;7880;Université pluridisciplinaire hors santé;https://data.enseignementsup-recherche.gouv.fr/explore/dataset/fr-esr-implantations_etablissements_d_enseignement_superieur_publics/map/?disjunctive.bcnag_n_nature_uai_libelle_editi&disjunctive.services&disjunctive.type_uai&disjunctive.nature_uai&refine.etablissement_uai=0762762P;;;;197627623;;https://fr.wikipedia.org/wiki/Universit%C3%A9_du_Havre;;;;à l';
0941111X;Université Paris-Est Créteil Val-de-Marne;UPEC;Université;Public;http://www.u-pec.fr/;48.7888, 2.44239;;;;Île-de-France>Créteil>Val-de-Marne>Paris>Créteil;94028;Créteil;UU00851;Paris;D094;Val-de-Marne;A24;Créteil;R11;Île-de-France;;61 AVENUE DU GENERAL DE GAULLE;;;94010;CRETEIL CEDEX;France;0145171000;19941111700013;grid.410511.0;FR0266;EPCSCP;Établissement public à caractère scientifique, culturel et professionnel;;;https://www.facebook.com/pages/Universit%C3%A9-Paris-Est-Cr%C3%A9teil-UPEC/253616496359;https://twitter.com/UPECactus;;http://www.u-pec.fr/adminsite/webservices/export_rss.jsp;;;;;;;;http://www.dailymotion.com/UPEC;;;https://plus.google.com/+upemlv/posts;;;Opérateurs MIRES 2014;Recherche et enseignement supérieur;150;Formations supérieures et recherche universitaire (Recherche et enseignement supérieur);;;;;Q980688;https://www.grid.ac/institutes/grid.410511.0;8892152;0000 0001 2149 7878;http://isni.org/isni/0000000121497878;;R11;Île-de-France;Paris 12 Val de Marne University;https://www.wikidata.org/entity/Q980688;26743;26726;26998;27137;25575;25353;26276;26960;Université pluridisciplinaire avec santé;https://data.enseignementsup-recherche.gouv.fr/explore/dataset/fr-esr-implantations_etablissements_d_enseignement_superieur_publics/map/?disjunctive.bcnag_n_nature_uai_libelle_editi&disjunctive.services&disjunctive.type_uai&disjunctive.nature_uai&refine.etablissement_uai=0941111X;;;;199411117;;https://fr.wikipedia.org/wiki/Universit%C3%A9_Paris-Est-Cr%C3%A9teil-Val-de-Marne;;;;à l';
9830445S;Université de la Nouvelle-Calédonie;;Université;Public;http://www.univ-nc.nc/;-22.2638507, 166.4043178;;;;Collectivités d'outre-mer>Nouvelle-Calédonie>Nouméa;98818;Nouméa;TOM98818;Nouméa;D988;Nouvelle-Calédonie;A40;Nouvelle-Calédonie;R00;Collectivités d'outre-mer;;145 AVENUE JAMES COOK;;R4;98851;NOUMEA CEDEX;France;00687265800;13000322100012;grid.449988.0;FR0285;EPCSCP;Établissement public à caractère scientifique, culturel et professionnel;;;https://www.facebook.com/univ.nc;;;http://www.univ-nc.nc/feed;;;;;;;;;;;;;;Opérateurs MIRES 2014;Recherche et enseignement supérieur;150;Formations supérieures et recherche universitaire (Recherche et enseignement supérieur);;;;;Q734332;https://www.grid.ac/institutes/grid.449988.0;13955095;;;;R00;Collectivités d'outre-mer;University of New Caledonia;https://www.wikidata.org/entity/Q734332;2528;2392;2481;2618;2757;2757;2840;2960;Université pluridisciplinaire hors santé;https://data.enseignementsup-recherche.gouv.fr/explore/dataset/fr-esr-implantations_etablissements_d_enseignement_superieur_publics/map/?disjunctive.bcnag_n_nature_uai_libelle_editi&disjunctive.services&disjunctive.type_uai&disjunctive.nature_uai&refine.etablissement_uai=9830445S;;;;130003221;;https://fr.wikipedia.org/wiki/Universit%C3%A9_de_la_Nouvelle-Cal%C3%A9donie;;;;à l';
9730429D;Université de Guyane;;Université;Public;http://www.univ-guyane.fr/;4.93278, -52.301511;;;"http://www.legifrance.gouv.fr/affichTexte.do;jsessionid=?cidTexte=JORFTEXT000029310823&dateTexte=&oldAction=dernierJO&categorieLien=id";Guyane>Cayenne;97302;Cayenne;UU9C601;Cayenne;D973;Guyane;A33;Guyane;R03;Guyane;;2091 ROUTE DE BADUEL;SITE TROUBIRAN;BP 792;97337;CAYENNE CEDEX;France;0594289336;13002059700014;grid.460797.b;FR0327;EPCSCP;Établissement public à caractère scientifique, culturel et professionnel;;;https://www.facebook.com/univguyane;https://twitter.com/univguyane;;;;;;;;;;;;;;;;Opérateurs MIRES 2015;Recherche et enseignement supérieur;150;Formations supérieures et recherche universitaire (Recherche et enseignement supérieur);;;;;Q16682067;https://www.grid.ac/institutes/grid.460797.b;47001024;;;;R03;Guyane;;https://www.wikidata.org/entity/Q16682067;;;;;2078;2234;2700;2580;Université pluridisciplinaire avec santé;https://data.enseignementsup-recherche.gouv.fr/explore/dataset/fr-esr-implantations_etablissements_d_enseignement_superieur_publics/map/?disjunctive.bcnag_n_nature_uai_libelle_editi&disjunctive.services&disjunctive.type_uai&disjunctive.nature_uai&refine.etablissement_uai=9730429D;;;;130020597;;https://fr.wikipedia.org/wiki/Universit%C3%A9_de_Guyane;;;;à l';
